<?xml version = '1.0' encoding = 'UTF-8'?>
<Entity class="oracle.dbtools.crest.model.design.logical.Entity" directorySegmentName="seg_0" id="23D4AE3B-530C-2438-9B65-1A6D8D593F31" name="BODEGA">
<createdBy>flore</createdBy>
<createdTime>2026-01-25 23:02:46 UTC</createdTime>
<ownerDesignName>HiLogic_Solutions</ownerDesignName>
<engineerTo>
<item key="B0FCBCAB-4665-FE3D-9461-3E801D45EE17" value="true"/>
</engineerTo>
<adequatelyNormalized>NO</adequatelyNormalized>
<expectedVolumes>0</expectedVolumes>
<fwdEngineeringStrategyName>Single Table</fwdEngineeringStrategyName>
<growthPercent>0</growthPercent>
<growthType>Year</growthType>
<maxVolumes>9999999</maxVolumes>
<minVolumes>0</minVolumes>
<normalForm>Third</normalForm>
<attributes itemClass="oracle.dbtools.crest.model.design.logical.Attribute">
<Attribute name="id_bodega" id="7E811FEB-52BE-C830-298B-9028629B149C">
<createdBy>flore</createdBy>
<createdTime>2026-01-25 23:02:53 UTC</createdTime>
<ownerDesignName>HiLogic_Solutions</ownerDesignName>
<engineerTo>
<item key="B0FCBCAB-4665-FE3D-9461-3E801D45EE17" value="true"/>
</engineerTo>
<useDomainConstraints>false</useDomainConstraints>
<use>1</use>
<logicalDatatype>LOGDT019</logicalDatatype>
<dataTypePrecision>5</dataTypePrecision>
<ownDataTypeParameters>,5,</ownDataTypeParameters>
</Attribute>
<Attribute name="nro_sucursal" id="DD8F3852-A6C3-5B57-90F7-03805EA6C8D6">
<createdBy>flore</createdBy>
<createdTime>2026-01-25 23:04:58 UTC</createdTime>
<generatorID>A5AA5574-DC96-31D2-84F9-56CFDBE2BD19</generatorID>
<ownerDesignName>HiLogic_Solutions</ownerDesignName>
<engineerTo>
<item key="B0FCBCAB-4665-FE3D-9461-3E801D45EE17" value="true"/>
</engineerTo>
<referedAttribute>EA6FDB80-9C1F-B18E-68A1-97179DDF85BD</referedAttribute>
<useDomainConstraints>false</useDomainConstraints>
<use>1</use>
<logicalDatatype>LOGDT019</logicalDatatype>
<dataTypePrecision>5</dataTypePrecision>
<ownDataTypeParameters>,,</ownDataTypeParameters>
</Attribute>
</attributes>
<identifiers itemClass="oracle.dbtools.crest.model.design.logical.CandidateKey">
<identifier id="437C2355-EF03-81CA-532D-E42266DEE12F" name="BODEGA PK">
<createdBy>flore</createdBy>
<createdTime>2026-01-25 23:03:11 UTC</createdTime>
<ownerDesignName>HiLogic_Solutions</ownerDesignName>
<engineerTo>
<item key="B0FCBCAB-4665-FE3D-9461-3E801D45EE17" value="true"/>
</engineerTo>
<pk>true</pk>
<usedAttributes>
<attributeRef>7E811FEB-52BE-C830-298B-9028629B149C</attributeRef>
</usedAttributes>
</identifier>
</identifiers>
</Entity>