<?xml version = '1.0' encoding = 'UTF-8'?>
<Entity class="oracle.dbtools.crest.model.design.logical.Entity" directorySegmentName="seg_0" id="4C2613CB-6BED-05D6-1A6B-2A8876E03951" name="SUCURSAL">
<createdBy>flore</createdBy>
<createdTime>2026-01-23 01:45:49 UTC</createdTime>
<ownerDesignName>HiLogic_Solutions</ownerDesignName>
<engineerTo>
<item key="B0FCBCAB-4665-FE3D-9461-3E801D45EE17" value="true"/>
</engineerTo>
<adequatelyNormalized>NO</adequatelyNormalized>
<expectedVolumes>0</expectedVolumes>
<fwdEngineeringStrategyName>Single Table</fwdEngineeringStrategyName>
<growthPercent>0</growthPercent>
<growthType>Year</growthType>
<maxVolumes>9999999</maxVolumes>
<minVolumes>0</minVolumes>
<normalForm>Third</normalForm>
<attributes itemClass="oracle.dbtools.crest.model.design.logical.Attribute">
<Attribute name="nro_sucursal" id="EA6FDB80-9C1F-B18E-68A1-97179DDF85BD">
<createdBy>flore</createdBy>
<createdTime>2026-01-23 01:46:05 UTC</createdTime>
<ownerDesignName>HiLogic_Solutions</ownerDesignName>
<engineerTo>
<item key="B0FCBCAB-4665-FE3D-9461-3E801D45EE17" value="true"/>
</engineerTo>
<useDomainConstraints>false</useDomainConstraints>
<use>1</use>
<logicalDatatype>LOGDT019</logicalDatatype>
<dataTypePrecision>5</dataTypePrecision>
<ownDataTypeParameters>,5,</ownDataTypeParameters>
</Attribute>
<Attribute name="nombre_sucursal" id="502D868F-C64B-7577-886C-3DDF7B7EAC61">
<createdBy>flore</createdBy>
<createdTime>2026-01-23 01:46:20 UTC</createdTime>
<ownerDesignName>HiLogic_Solutions</ownerDesignName>
<engineerTo>
<item key="B0FCBCAB-4665-FE3D-9461-3E801D45EE17" value="true"/>
</engineerTo>
<useDomainConstraints>false</useDomainConstraints>
<use>1</use>
<logicalDatatype>LOGDT024</logicalDatatype>
<dataTypeSize>150 CHAR</dataTypeSize>
<ownDataTypeParameters>150 CHAR,,</ownDataTypeParameters>
</Attribute>
<Attribute name="direccion_completa" id="386C4D3A-B3D2-BA8E-090A-5695ABA22F59">
<createdBy>flore</createdBy>
<createdTime>2026-01-23 01:46:53 UTC</createdTime>
<ownerDesignName>HiLogic_Solutions</ownerDesignName>
<engineerTo>
<item key="B0FCBCAB-4665-FE3D-9461-3E801D45EE17" value="true"/>
</engineerTo>
<useDomainConstraints>false</useDomainConstraints>
<use>1</use>
<logicalDatatype>LOGDT024</logicalDatatype>
<dataTypeSize>400 CHAR</dataTypeSize>
<ownDataTypeParameters>400 CHAR,,</ownDataTypeParameters>
</Attribute>
<Attribute name="id_bodega" id="45C4E4AD-67F1-2DC4-FAD7-E49C1A7954B6">
<createdBy>flore</createdBy>
<createdTime>2026-01-25 23:08:07 UTC</createdTime>
<generatorID>A5AA5574-DC96-31D2-84F9-56CFDBE2BD19</generatorID>
<ownerDesignName>HiLogic_Solutions</ownerDesignName>
<engineerTo>
<item key="B0FCBCAB-4665-FE3D-9461-3E801D45EE17" value="true"/>
</engineerTo>
<referedAttribute>7E811FEB-52BE-C830-298B-9028629B149C</referedAttribute>
<useDomainConstraints>false</useDomainConstraints>
<use>1</use>
<logicalDatatype>LOGDT019</logicalDatatype>
<dataTypePrecision>5</dataTypePrecision>
<ownDataTypeParameters>,,</ownDataTypeParameters>
</Attribute>
</attributes>
<identifiers itemClass="oracle.dbtools.crest.model.design.logical.CandidateKey">
<identifier id="31A5D0F6-021F-A5ED-BC04-A28ED18BA2DE" name="SUCURSAL PK">
<createdBy>flore</createdBy>
<createdTime>2026-01-23 01:46:17 UTC</createdTime>
<ownerDesignName>HiLogic_Solutions</ownerDesignName>
<engineerTo>
<item key="B0FCBCAB-4665-FE3D-9461-3E801D45EE17" value="true"/>
</engineerTo>
<pk>true</pk>
<usedAttributes>
<attributeRef>EA6FDB80-9C1F-B18E-68A1-97179DDF85BD</attributeRef>
</usedAttributes>
</identifier>
<identifier id="4E770542-FDCA-0D58-6B00-AA7DEE1594F7" name="nombre_sucursal">
<createdBy>flore</createdBy>
<createdTime>2026-01-23 01:47:22 UTC</createdTime>
<ownerDesignName>HiLogic_Solutions</ownerDesignName>
<engineerTo>
<item key="B0FCBCAB-4665-FE3D-9461-3E801D45EE17" value="true"/>
</engineerTo>
<newElementsIDs>502D868F-C64B-7577-886C-3DDF7B7EAC61</newElementsIDs>
<usedAttributes>
<attributeRef>502D868F-C64B-7577-886C-3DDF7B7EAC61</attributeRef>
</usedAttributes>
</identifier>
</identifiers>
</Entity>