<?xml version = '1.0' encoding = 'UTF-8'?>
<Entity class="oracle.dbtools.crest.model.design.logical.Entity" directorySegmentName="seg_0" id="716347CC-7FF0-E3BB-C1EC-7861198E98D4" name="TRABAJADOR">
<createdBy>flore</createdBy>
<createdTime>2026-01-23 01:59:46 UTC</createdTime>
<ownerDesignName>HiLogic_Solutions</ownerDesignName>
<engineerTo>
<item key="B0FCBCAB-4665-FE3D-9461-3E801D45EE17" value="true"/>
</engineerTo>
<adequatelyNormalized>NO</adequatelyNormalized>
<expectedVolumes>0</expectedVolumes>
<fwdEngineeringStrategyName>Single Table</fwdEngineeringStrategyName>
<growthPercent>0</growthPercent>
<growthType>Year</growthType>
<maxVolumes>9999999</maxVolumes>
<minVolumes>0</minVolumes>
<normalForm>Third</normalForm>
<attributes itemClass="oracle.dbtools.crest.model.design.logical.Attribute">
<Attribute name="id_trabajador" id="40EEFDF6-B1DB-D471-9C4B-2BD0DAA70B25">
<createdBy>flore</createdBy>
<createdTime>2026-01-25 17:23:57 UTC</createdTime>
<ownerDesignName>HiLogic_Solutions</ownerDesignName>
<engineerTo>
<item key="B0FCBCAB-4665-FE3D-9461-3E801D45EE17" value="true"/>
</engineerTo>
<useDomainConstraints>false</useDomainConstraints>
<use>1</use>
<logicalDatatype>LOGDT019</logicalDatatype>
<dataTypePrecision>9</dataTypePrecision>
<ownDataTypeParameters>,9,</ownDataTypeParameters>
</Attribute>
<Attribute name="nombre" id="BE2397FC-E0A0-331C-F433-AEE7C40B40E9">
<createdBy>flore</createdBy>
<createdTime>2026-01-25 17:24:12 UTC</createdTime>
<ownerDesignName>HiLogic_Solutions</ownerDesignName>
<engineerTo>
<item key="B0FCBCAB-4665-FE3D-9461-3E801D45EE17" value="true"/>
</engineerTo>
<useDomainConstraints>false</useDomainConstraints>
<use>1</use>
<logicalDatatype>LOGDT024</logicalDatatype>
<dataTypeSize>100 CHAR</dataTypeSize>
<ownDataTypeParameters>100 CHAR,,</ownDataTypeParameters>
</Attribute>
<Attribute name="apellidos" id="AA870E21-6AB5-3A4B-66D9-3C19684876C6">
<createdBy>flore</createdBy>
<createdTime>2026-01-25 17:24:33 UTC</createdTime>
<ownerDesignName>HiLogic_Solutions</ownerDesignName>
<engineerTo>
<item key="B0FCBCAB-4665-FE3D-9461-3E801D45EE17" value="true"/>
</engineerTo>
<useDomainConstraints>false</useDomainConstraints>
<use>1</use>
<logicalDatatype>LOGDT024</logicalDatatype>
<dataTypeSize>200 CHAR</dataTypeSize>
<ownDataTypeParameters>200 CHAR,,</ownDataTypeParameters>
</Attribute>
<Attribute name="rut_trabajador" id="AF836F5A-4711-9DAD-220C-E251C06D9B27">
<createdBy>flore</createdBy>
<createdTime>2026-01-25 17:24:47 UTC</createdTime>
<ownerDesignName>HiLogic_Solutions</ownerDesignName>
<engineerTo>
<item key="B0FCBCAB-4665-FE3D-9461-3E801D45EE17" value="true"/>
</engineerTo>
<useDomainConstraints>false</useDomainConstraints>
<use>1</use>
<logicalDatatype>LOGDT024</logicalDatatype>
<dataTypeSize>20 CHAR</dataTypeSize>
<ownDataTypeParameters>20 CHAR,,</ownDataTypeParameters>
</Attribute>
<Attribute name="id_trabajador1" id="E10B9A31-7273-856B-71F3-358330E0E6E6">
<createdBy>flore</createdBy>
<createdTime>2026-01-25 19:47:33 UTC</createdTime>
<generatorID>FB95DE17-589B-25CA-8930-BF6AD4768A92</generatorID>
<ownerDesignName>HiLogic_Solutions</ownerDesignName>
<engineerTo>
<item key="B0FCBCAB-4665-FE3D-9461-3E801D45EE17" value="true"/>
</engineerTo>
<referedAttribute>40EEFDF6-B1DB-D471-9C4B-2BD0DAA70B25</referedAttribute>
<useDomainConstraints>false</useDomainConstraints>
<use>1</use>
<logicalDatatype>LOGDT019</logicalDatatype>
<dataTypePrecision>9</dataTypePrecision>
<ownDataTypeParameters>,,</ownDataTypeParameters>
</Attribute>
<Attribute name="fecha_nacimiento" id="975A315E-53ED-5076-B8DE-CAC2A9F72AE2">
<createdBy>flore</createdBy>
<createdTime>2026-01-25 20:19:35 UTC</createdTime>
<ownerDesignName>HiLogic_Solutions</ownerDesignName>
<engineerTo>
<item key="B0FCBCAB-4665-FE3D-9461-3E801D45EE17" value="true"/>
</engineerTo>
<useDomainConstraints>false</useDomainConstraints>
<use>1</use>
<logicalDatatype>LOGDT007</logicalDatatype>
<ownDataTypeParameters>,,</ownDataTypeParameters>
</Attribute>
<Attribute name="direccion" id="AB3D789B-4E0D-39EC-EAD4-D80F076210F3">
<createdBy>flore</createdBy>
<createdTime>2026-01-25 20:19:52 UTC</createdTime>
<ownerDesignName>HiLogic_Solutions</ownerDesignName>
<engineerTo>
<item key="B0FCBCAB-4665-FE3D-9461-3E801D45EE17" value="true"/>
</engineerTo>
<nullsAllowed>true</nullsAllowed>
<useDomainConstraints>false</useDomainConstraints>
<use>1</use>
<logicalDatatype>LOGDT024</logicalDatatype>
<dataTypeSize>400 CHAR</dataTypeSize>
<ownDataTypeParameters>400 CHAR,,</ownDataTypeParameters>
</Attribute>
<Attribute name="genero" id="12323FF4-E565-8410-76FD-20157B67078F">
<createdBy>flore</createdBy>
<createdTime>2026-01-25 20:20:05 UTC</createdTime>
<ownerDesignName>HiLogic_Solutions</ownerDesignName>
<engineerTo>
<item key="B0FCBCAB-4665-FE3D-9461-3E801D45EE17" value="true"/>
</engineerTo>
<nullsAllowed>true</nullsAllowed>
<useDomainConstraints>false</useDomainConstraints>
<use>1</use>
<logicalDatatype>LOGDT025</logicalDatatype>
<dataTypeSize>1 CHAR</dataTypeSize>
<ownDataTypeParameters>1 CHAR,,</ownDataTypeParameters>
</Attribute>
<Attribute name="nro_contrato" id="C886BF0C-3636-0863-D86E-A7F7A9AC0357">
<createdBy>flore</createdBy>
<createdTime>2026-01-25 20:51:44 UTC</createdTime>
<generatorID>6072A9AB-E3C9-F053-01EF-2E55683166EF</generatorID>
<ownerDesignName>HiLogic_Solutions</ownerDesignName>
<engineerTo>
<item key="B0FCBCAB-4665-FE3D-9461-3E801D45EE17" value="true"/>
</engineerTo>
<referedAttribute>0E4A4599-6C07-A5C8-0D33-0EB23C72C276</referedAttribute>
<useDomainConstraints>false</useDomainConstraints>
<use>1</use>
<logicalDatatype>LOGDT019</logicalDatatype>
<dataTypePrecision>9</dataTypePrecision>
<ownDataTypeParameters>,,</ownDataTypeParameters>
</Attribute>
<Attribute name="nro_sucursal" id="FF405527-A55F-7883-07CC-3EE8425CA14C">
<createdBy>flore</createdBy>
<createdTime>2026-01-25 22:49:38 UTC</createdTime>
<generatorID>6E5CE3FF-772C-4643-12C8-231305E82B83</generatorID>
<ownerDesignName>HiLogic_Solutions</ownerDesignName>
<engineerTo>
<item key="B0FCBCAB-4665-FE3D-9461-3E801D45EE17" value="true"/>
</engineerTo>
<referedAttribute>EA6FDB80-9C1F-B18E-68A1-97179DDF85BD</referedAttribute>
<useDomainConstraints>false</useDomainConstraints>
<use>1</use>
<logicalDatatype>LOGDT019</logicalDatatype>
<dataTypePrecision>5</dataTypePrecision>
<ownDataTypeParameters>,,</ownDataTypeParameters>
</Attribute>
</attributes>
<identifiers itemClass="oracle.dbtools.crest.model.design.logical.CandidateKey">
<identifier id="58826BF2-BCA7-9029-F5E8-32A6F8008136" name="TRABAJADOR PK">
<createdBy>flore</createdBy>
<createdTime>2026-01-25 17:24:10 UTC</createdTime>
<ownerDesignName>HiLogic_Solutions</ownerDesignName>
<engineerTo>
<item key="B0FCBCAB-4665-FE3D-9461-3E801D45EE17" value="true"/>
</engineerTo>
<pk>true</pk>
<newElementsIDs>40EEFDF6-B1DB-D471-9C4B-2BD0DAA70B25</newElementsIDs>
<usedAttributes>
<attributeRef>40EEFDF6-B1DB-D471-9C4B-2BD0DAA70B25</attributeRef>
</usedAttributes>
</identifier>
<identifier id="327ACDD4-A6E3-4C2D-A591-A57F5A797B72" name="RUT_TRABAJADOR">
<createdBy>flore</createdBy>
<createdTime>2026-01-25 17:25:06 UTC</createdTime>
<ownerDesignName>HiLogic_Solutions</ownerDesignName>
<engineerTo>
<item key="B0FCBCAB-4665-FE3D-9461-3E801D45EE17" value="true"/>
</engineerTo>
<newElementsIDs>AF836F5A-4711-9DAD-220C-E251C06D9B27</newElementsIDs>
<usedAttributes>
<attributeRef>AF836F5A-4711-9DAD-220C-E251C06D9B27</attributeRef>
</usedAttributes>
</identifier>
</identifiers>
</Entity>