<?xml version = '1.0' encoding = 'UTF-8'?>
<Entity class="oracle.dbtools.crest.model.design.logical.Entity" directorySegmentName="seg_0" id="9E54E0E7-EE94-436B-6AA6-37CFCEC0BD45" name="CONTRATO">
<createdBy>flore</createdBy>
<createdTime>2026-01-23 02:06:15 UTC</createdTime>
<ownerDesignName>HiLogic_Solutions</ownerDesignName>
<engineerTo>
<item key="B0FCBCAB-4665-FE3D-9461-3E801D45EE17" value="true"/>
</engineerTo>
<adequatelyNormalized>NO</adequatelyNormalized>
<expectedVolumes>0</expectedVolumes>
<fwdEngineeringStrategyName>Single Table</fwdEngineeringStrategyName>
<growthPercent>0</growthPercent>
<growthType>Year</growthType>
<maxVolumes>9999999</maxVolumes>
<minVolumes>0</minVolumes>
<normalForm>Third</normalForm>
<attributes itemClass="oracle.dbtools.crest.model.design.logical.Attribute">
<Attribute name="nro_contrato" id="0E4A4599-6C07-A5C8-0D33-0EB23C72C276">
<createdBy>flore</createdBy>
<createdTime>2026-01-23 02:07:36 UTC</createdTime>
<ownerDesignName>HiLogic_Solutions</ownerDesignName>
<engineerTo>
<item key="B0FCBCAB-4665-FE3D-9461-3E801D45EE17" value="true"/>
</engineerTo>
<useDomainConstraints>false</useDomainConstraints>
<use>1</use>
<logicalDatatype>LOGDT019</logicalDatatype>
<dataTypePrecision>9</dataTypePrecision>
<ownDataTypeParameters>,9,</ownDataTypeParameters>
</Attribute>
<Attribute name="fecha_contrato" id="357CD62B-00D5-3D4B-379E-11CFDBA12FF9">
<createdBy>flore</createdBy>
<createdTime>2026-01-23 02:10:00 UTC</createdTime>
<ownerDesignName>HiLogic_Solutions</ownerDesignName>
<engineerTo>
<item key="B0FCBCAB-4665-FE3D-9461-3E801D45EE17" value="true"/>
</engineerTo>
<useDomainConstraints>false</useDomainConstraints>
<use>1</use>
<logicalDatatype>LOGDT007</logicalDatatype>
<ownDataTypeParameters>,,</ownDataTypeParameters>
</Attribute>
<Attribute name="id_trabajador" id="DAABC6F1-49A8-45B6-38BC-2BF1AA21A646">
<createdBy>flore</createdBy>
<createdTime>2026-01-25 20:54:43 UTC</createdTime>
<generatorID>6072A9AB-E3C9-F053-01EF-2E55683166EF</generatorID>
<ownerDesignName>HiLogic_Solutions</ownerDesignName>
<engineerTo>
<item key="B0FCBCAB-4665-FE3D-9461-3E801D45EE17" value="true"/>
</engineerTo>
<referedAttribute>40EEFDF6-B1DB-D471-9C4B-2BD0DAA70B25</referedAttribute>
<useDomainConstraints>false</useDomainConstraints>
<use>1</use>
<logicalDatatype>LOGDT019</logicalDatatype>
<dataTypePrecision>9</dataTypePrecision>
<ownDataTypeParameters>,,</ownDataTypeParameters>
</Attribute>
</attributes>
<identifiers itemClass="oracle.dbtools.crest.model.design.logical.CandidateKey">
<identifier id="CA01FD2D-6D38-C964-DC01-D4F08C21B6C9" name="CONTRATO PK">
<createdBy>flore</createdBy>
<createdTime>2026-01-23 02:07:46 UTC</createdTime>
<ownerDesignName>HiLogic_Solutions</ownerDesignName>
<engineerTo>
<item key="B0FCBCAB-4665-FE3D-9461-3E801D45EE17" value="true"/>
</engineerTo>
<pk>true</pk>
<usedAttributes>
<attributeRef>0E4A4599-6C07-A5C8-0D33-0EB23C72C276</attributeRef>
</usedAttributes>
</identifier>
</identifiers>
</Entity>