<?xml version = '1.0' encoding = 'UTF-8'?>
<Entity class="oracle.dbtools.crest.model.design.logical.Entity" directorySegmentName="seg_0" id="DC449177-7684-2777-9FB1-F76A1ED8C032" name="CONTRATO_PRAC">
<createdBy>flore</createdBy>
<createdTime>2026-01-23 02:16:44 UTC</createdTime>
<ownerDesignName>HiLogic_Solutions</ownerDesignName>
<engineerTo>
<item key="B0FCBCAB-4665-FE3D-9461-3E801D45EE17" value="true"/>
</engineerTo>
<adequatelyNormalized>NO</adequatelyNormalized>
<expectedVolumes>0</expectedVolumes>
<fwdEngineeringStrategyName>Single Table</fwdEngineeringStrategyName>
<growthPercent>0</growthPercent>
<growthType>Year</growthType>
<hierarchicalParent>9E54E0E7-EE94-436B-6AA6-37CFCEC0BD45</hierarchicalParent>
<maxVolumes>9999999</maxVolumes>
<minVolumes>0</minVolumes>
<normalForm>Third</normalForm>
<attributes itemClass="oracle.dbtools.crest.model.design.logical.Attribute">
<Attribute name="id_cargo" id="F4DCD165-30F9-F45A-1975-4BE84EBF0274">
<createdBy>flore</createdBy>
<createdTime>2026-01-25 21:16:50 UTC</createdTime>
<generatorID>FF57A19F-6F89-D859-A8B5-7C41875882A1</generatorID>
<ownerDesignName>HiLogic_Solutions</ownerDesignName>
<engineerTo>
<item key="B0FCBCAB-4665-FE3D-9461-3E801D45EE17" value="true"/>
</engineerTo>
<nullsAllowed>true</nullsAllowed>
<referedAttribute>6D06F077-E073-91D4-CC9D-090737E627AA</referedAttribute>
<useDomainConstraints>false</useDomainConstraints>
<use>1</use>
<logicalDatatype>LOGDT019</logicalDatatype>
<dataTypePrecision>9</dataTypePrecision>
<ownDataTypeParameters>,,</ownDataTypeParameters>
</Attribute>
<Attribute name="compensacion" id="5A310CA4-C091-CF06-94BF-FCF9B41AEC46">
<createdBy>flore</createdBy>
<createdTime>2026-01-25 22:38:01 UTC</createdTime>
<ownerDesignName>HiLogic_Solutions</ownerDesignName>
<engineerTo>
<item key="B0FCBCAB-4665-FE3D-9461-3E801D45EE17" value="true"/>
</engineerTo>
<useDomainConstraints>false</useDomainConstraints>
<use>1</use>
<logicalDatatype>LOGDT019</logicalDatatype>
<dataTypePrecision>9</dataTypePrecision>
<ownDataTypeParameters>,9,</ownDataTypeParameters>
</Attribute>
</attributes>
</Entity>