<?xml version = '1.0' encoding = 'UTF-8'?>
<Entity class="oracle.dbtools.crest.model.design.logical.Entity" directorySegmentName="seg_0" id="DE4A9C1A-1D7B-01AC-E271-C282F8BD4119" name="BOLETA">
<createdBy>flore</createdBy>
<createdTime>2026-01-23 01:51:39 UTC</createdTime>
<ownerDesignName>HiLogic_Solutions</ownerDesignName>
<engineerTo>
<item key="B0FCBCAB-4665-FE3D-9461-3E801D45EE17" value="true"/>
</engineerTo>
<adequatelyNormalized>NO</adequatelyNormalized>
<expectedVolumes>0</expectedVolumes>
<fwdEngineeringStrategyName>Single Table</fwdEngineeringStrategyName>
<growthPercent>0</growthPercent>
<growthType>Year</growthType>
<maxVolumes>9999999</maxVolumes>
<minVolumes>0</minVolumes>
<normalForm>Third</normalForm>
<attributes itemClass="oracle.dbtools.crest.model.design.logical.Attribute">
<Attribute name="nro_boleta" id="5F2873F0-1286-6CC4-3C46-5D2A37AA69B1">
<createdBy>flore</createdBy>
<createdTime>2026-01-23 01:51:50 UTC</createdTime>
<ownerDesignName>HiLogic_Solutions</ownerDesignName>
<engineerTo>
<item key="B0FCBCAB-4665-FE3D-9461-3E801D45EE17" value="true"/>
</engineerTo>
<useDomainConstraints>false</useDomainConstraints>
<use>1</use>
<logicalDatatype>LOGDT019</logicalDatatype>
<dataTypePrecision>9</dataTypePrecision>
<ownDataTypeParameters>,9,</ownDataTypeParameters>
</Attribute>
<Attribute name="fecha" id="9F322F9E-5DD8-92D1-A300-B8FCA47FA085">
<createdBy>flore</createdBy>
<createdTime>2026-01-23 01:51:58 UTC</createdTime>
<ownerDesignName>HiLogic_Solutions</ownerDesignName>
<engineerTo>
<item key="B0FCBCAB-4665-FE3D-9461-3E801D45EE17" value="true"/>
</engineerTo>
<useDomainConstraints>false</useDomainConstraints>
<use>1</use>
<logicalDatatype>LOGDT007</logicalDatatype>
<ownDataTypeParameters>,,</ownDataTypeParameters>
</Attribute>
<Attribute name="monto_venta" id="7F65CD1A-0647-1FFC-EB42-D8796106E3B9">
<createdBy>flore</createdBy>
<createdTime>2026-01-23 01:52:10 UTC</createdTime>
<ownerDesignName>HiLogic_Solutions</ownerDesignName>
<engineerTo>
<item key="B0FCBCAB-4665-FE3D-9461-3E801D45EE17" value="true"/>
</engineerTo>
<useDomainConstraints>false</useDomainConstraints>
<use>1</use>
<logicalDatatype>LOGDT019</logicalDatatype>
<dataTypePrecision>9</dataTypePrecision>
<dataTypeScale>2</dataTypeScale>
<ownDataTypeParameters>,9,2</ownDataTypeParameters>
</Attribute>
<Attribute name="cantidad_productos" id="124CCB4C-EC53-8F2D-68E6-F5FA51128286">
<createdBy>flore</createdBy>
<createdTime>2026-01-23 01:52:37 UTC</createdTime>
<ownerDesignName>HiLogic_Solutions</ownerDesignName>
<engineerTo>
<item key="B0FCBCAB-4665-FE3D-9461-3E801D45EE17" value="true"/>
</engineerTo>
<useDomainConstraints>false</useDomainConstraints>
<use>1</use>
<logicalDatatype>LOGDT019</logicalDatatype>
<dataTypePrecision>4</dataTypePrecision>
<ownDataTypeParameters>,4,</ownDataTypeParameters>
</Attribute>
<Attribute name="rut_cliente" id="5507F4F7-C8FB-2B19-C0E9-3FE8C6E27CB9">
<createdBy>flore</createdBy>
<createdTime>2026-01-25 19:35:02 UTC</createdTime>
<generatorID>0B6C569F-3197-0D3D-0EB5-FE378D7D99F9</generatorID>
<ownerDesignName>HiLogic_Solutions</ownerDesignName>
<engineerTo>
<item key="B0FCBCAB-4665-FE3D-9461-3E801D45EE17" value="true"/>
</engineerTo>
<referedAttribute>F4B2A8A1-000E-F16C-BDBD-B5D7F02F8FA4</referedAttribute>
<useDomainConstraints>false</useDomainConstraints>
<use>1</use>
<logicalDatatype>LOGDT024</logicalDatatype>
<dataTypeSize>20 CHAR</dataTypeSize>
<ownDataTypeParameters>,,</ownDataTypeParameters>
</Attribute>
<Attribute name="id_trabajador" id="91267B09-2A6A-7C66-2FFE-0789975E7542">
<createdBy>flore</createdBy>
<createdTime>2026-01-25 21:01:26 UTC</createdTime>
<generatorID>604C1895-8B3A-0A56-574F-FAF9F9A634F7</generatorID>
<ownerDesignName>HiLogic_Solutions</ownerDesignName>
<engineerTo>
<item key="B0FCBCAB-4665-FE3D-9461-3E801D45EE17" value="true"/>
</engineerTo>
<referedAttribute>40EEFDF6-B1DB-D471-9C4B-2BD0DAA70B25</referedAttribute>
<useDomainConstraints>false</useDomainConstraints>
<use>1</use>
<logicalDatatype>LOGDT019</logicalDatatype>
<ownDataTypeParameters>,,</ownDataTypeParameters>
</Attribute>
</attributes>
<identifiers itemClass="oracle.dbtools.crest.model.design.logical.CandidateKey">
<identifier id="FF83995B-B0BF-0EE3-F648-A5A5FF013E66" name="BOLETA PK">
<createdBy>flore</createdBy>
<createdTime>2026-01-23 01:51:57 UTC</createdTime>
<ownerDesignName>HiLogic_Solutions</ownerDesignName>
<engineerTo>
<item key="B0FCBCAB-4665-FE3D-9461-3E801D45EE17" value="true"/>
</engineerTo>
<pk>true</pk>
<usedAttributes>
<attributeRef>5F2873F0-1286-6CC4-3C46-5D2A37AA69B1</attributeRef>
</usedAttributes>
</identifier>
</identifiers>
</Entity>