<?xml version = '1.0' encoding = 'UTF-8'?>
<Arc class="oracle.dbtools.crest.model.design.logical.Arc" directorySegmentName="seg_0" id="23823594-261B-F04A-624B-9A611252BF54" name="Arc_3">
<createdBy>flore</createdBy>
<createdTime>2026-01-23 02:41:11 UTC</createdTime>
<ownerDesignName>HiLogic_Solutions</ownerDesignName>
<engineerTo>
<item key="B0FCBCAB-4665-FE3D-9461-3E801D45EE17" value="true"/>
</engineerTo>
<entity>4D1E6350-8EFA-19F3-D68E-EE5D33833A85</entity>
<relations>
<relationID>E8387242-8BCC-80E3-31B1-577D72DB3028</relationID>
<relationID>0CA6F687-ABCC-B723-9D7B-E8A28BB17552</relationID>
</relations>
</Arc>