<?xml version = '1.0' encoding = 'UTF-8'?>
<Arc class="oracle.dbtools.crest.model.design.logical.Arc" directorySegmentName="seg_0" id="840B93A1-6CA8-3347-B24D-C09EB423F1B8" name="Arc_2">
<createdBy>flore</createdBy>
<createdTime>2026-01-23 02:17:39 UTC</createdTime>
<ownerDesignName>HiLogic_Solutions</ownerDesignName>
<engineerTo>
<item key="B0FCBCAB-4665-FE3D-9461-3E801D45EE17" value="true"/>
</engineerTo>
<entity>9E54E0E7-EE94-436B-6AA6-37CFCEC0BD45</entity>
<relations>
<relationID>35CDABF2-6B5D-2BD0-0E24-2E0F697491A5</relationID>
<relationID>7355FDB8-945A-EBB7-8F3E-E578F8FD6784</relationID>
</relations>
</Arc>