<?xml version = '1.0' encoding = 'UTF-8'?>
<relationalModel class="oracle.dbtools.crest.model.design.relational.RelationalDesign" name="Relational_1" id="F338ABB7-7682-AF54-03C6-3B8D72216F55" mainViewID="9AA40E1D-8E06-D854-6781-2626B8032599">
<createdBy>Javier Flores</createdBy>
<createdTime>2026-02-02 00:37:28 UTC</createdTime>
<ownerDesignName>ministerio_trabajo</ownerDesignName>
<shouldBeOpen>false</shouldBeOpen>
<selectedRDBMSSite>32076570-2523-435C-2E92-BF29817DFF70</selectedRDBMSSite>
</relationalModel>