<?xml version = '1.0' encoding = 'UTF-8'?>
<Entity class="oracle.dbtools.crest.model.design.logical.Entity" directorySegmentName="seg_0" id="13175C80-9511-4F39-A97A-91A43F46ECA1" name="CIUDAD_EMPRESA">
<createdBy>Javier Flores</createdBy>
<createdTime>2026-02-02 19:47:22 UTC</createdTime>
<ownerDesignName>ministerio_trabajo</ownerDesignName>
<engineerTo>
<item key="F338ABB7-7682-AF54-03C6-3B8D72216F55" value="true"/>
</engineerTo>
<adequatelyNormalized>NO</adequatelyNormalized>
<expectedVolumes>0</expectedVolumes>
<fwdEngineeringStrategyName>Single Table</fwdEngineeringStrategyName>
<growthPercent>0</growthPercent>
<growthType>Year</growthType>
<maxVolumes>9999999</maxVolumes>
<minVolumes>0</minVolumes>
<normalForm>Third</normalForm>
<attributes itemClass="oracle.dbtools.crest.model.design.logical.Attribute">
<Attribute name="id_ciudad_empresa" id="4CDD1290-03AC-0228-5522-D0CB73B48904">
<createdBy>Javier Flores</createdBy>
<createdTime>2026-02-02 19:47:28 UTC</createdTime>
<ownerDesignName>ministerio_trabajo</ownerDesignName>
<engineerTo>
<item key="F338ABB7-7682-AF54-03C6-3B8D72216F55" value="true"/>
</engineerTo>
<useDomainConstraints>false</useDomainConstraints>
<use>1</use>
<logicalDatatype>LOGDT019</logicalDatatype>
<dataTypePrecision>4</dataTypePrecision>
<ownDataTypeParameters>,4,</ownDataTypeParameters>
</Attribute>
<Attribute name="nombre" id="BFDAFB8E-EFD2-87B4-0C92-AB4A65D24F6E">
<createdBy>Javier Flores</createdBy>
<createdTime>2026-02-02 19:48:10 UTC</createdTime>
<ownerDesignName>ministerio_trabajo</ownerDesignName>
<engineerTo>
<item key="F338ABB7-7682-AF54-03C6-3B8D72216F55" value="true"/>
</engineerTo>
<useDomainConstraints>false</useDomainConstraints>
<use>1</use>
<logicalDatatype>LOGDT037</logicalDatatype>
<dataTypeSize>300 CHAR</dataTypeSize>
<ownDataTypeParameters>300 CHAR,,</ownDataTypeParameters>
</Attribute>
<Attribute name="id_pais_empresa" id="F0365250-445D-3A31-770E-25546FBA5940">
<createdBy>Javier Flores</createdBy>
<createdTime>2026-02-02 19:49:52 UTC</createdTime>
<generatorID>F1085DDA-0570-A42B-3D40-687C15FD3717</generatorID>
<ownerDesignName>ministerio_trabajo</ownerDesignName>
<engineerTo>
<item key="F338ABB7-7682-AF54-03C6-3B8D72216F55" value="true"/>
</engineerTo>
<referedAttribute>EF0413C3-D2FD-F5F4-CC4B-25C48861F109</referedAttribute>
<useDomainConstraints>false</useDomainConstraints>
<use>1</use>
<logicalDatatype>LOGDT019</logicalDatatype>
<dataTypePrecision>4</dataTypePrecision>
<ownDataTypeParameters>,,</ownDataTypeParameters>
</Attribute>
</attributes>
<identifiers itemClass="oracle.dbtools.crest.model.design.logical.CandidateKey">
<identifier id="9FE4CC7A-4D13-AF2E-B733-D76EC1B08803" name="CIUDAD_EMPRESA PK">
<createdBy>Javier Flores</createdBy>
<createdTime>2026-02-02 19:53:52 UTC</createdTime>
<ownerDesignName>ministerio_trabajo</ownerDesignName>
<engineerTo>
<item key="F338ABB7-7682-AF54-03C6-3B8D72216F55" value="true"/>
</engineerTo>
<pk>true</pk>
<usedAttributes>
<attributeRef>4CDD1290-03AC-0228-5522-D0CB73B48904</attributeRef>
</usedAttributes>
</identifier>
</identifiers>
</Entity>