<?xml version = '1.0' encoding = 'UTF-8'?>
<Entity class="oracle.dbtools.crest.model.design.logical.Entity" directorySegmentName="seg_0" id="212D4ECA-FF78-BFDC-C54D-89CEAF8D39D6" name="PROFESIONAL">
<createdBy>Javier Flores</createdBy>
<createdTime>2026-02-02 00:38:00 UTC</createdTime>
<ownerDesignName>ministerio_trabajo</ownerDesignName>
<engineerTo>
<item key="F338ABB7-7682-AF54-03C6-3B8D72216F55" value="true"/>
</engineerTo>
<adequatelyNormalized>NO</adequatelyNormalized>
<expectedVolumes>0</expectedVolumes>
<fwdEngineeringStrategyName>Single Table</fwdEngineeringStrategyName>
<growthPercent>0</growthPercent>
<growthType>Year</growthType>
<maxVolumes>9999999</maxVolumes>
<minVolumes>0</minVolumes>
<normalForm>Third</normalForm>
<attributes itemClass="oracle.dbtools.crest.model.design.logical.Attribute">
<Attribute name="id_profesional" id="CBC6C229-793B-5AB0-A1A2-41BFA8D80DEA">
<createdBy>Javier Flores</createdBy>
<createdTime>2026-02-02 00:40:48 UTC</createdTime>
<commentInRDBMS><![CDATA[rut o dni]]></commentInRDBMS>
<ownerDesignName>ministerio_trabajo</ownerDesignName>
<engineerTo>
<item key="F338ABB7-7682-AF54-03C6-3B8D72216F55" value="true"/>
</engineerTo>
<useDomainConstraints>false</useDomainConstraints>
<use>1</use>
<logicalDatatype>LOGDT037</logicalDatatype>
<ownDataTypeParameters>,,</ownDataTypeParameters>
</Attribute>
<Attribute name="nombre" id="3264E0C0-3C54-3AA2-4EA9-7E551A26018A">
<createdBy>Javier Flores</createdBy>
<createdTime>2026-02-02 00:42:38 UTC</createdTime>
<ownerDesignName>ministerio_trabajo</ownerDesignName>
<engineerTo>
<item key="F338ABB7-7682-AF54-03C6-3B8D72216F55" value="true"/>
</engineerTo>
<useDomainConstraints>false</useDomainConstraints>
<use>1</use>
<logicalDatatype>LOGDT037</logicalDatatype>
<dataTypeSize>200 CHAR</dataTypeSize>
<ownDataTypeParameters>200 CHAR,,</ownDataTypeParameters>
</Attribute>
<Attribute name="apellidos" id="6F31F32A-CC13-D783-0B5C-8279F77BA69A">
<createdBy>Javier Flores</createdBy>
<createdTime>2026-02-02 00:46:18 UTC</createdTime>
<ownerDesignName>ministerio_trabajo</ownerDesignName>
<engineerTo>
<item key="F338ABB7-7682-AF54-03C6-3B8D72216F55" value="true"/>
</engineerTo>
<useDomainConstraints>false</useDomainConstraints>
<use>1</use>
<logicalDatatype>LOGDT037</logicalDatatype>
<dataTypeSize>400 CHAR</dataTypeSize>
<ownDataTypeParameters>400 CHAR,,</ownDataTypeParameters>
</Attribute>
<Attribute name="genero" id="7AA1BC08-91CB-FD9A-C051-E66E7AE7BE0A">
<createdBy>Javier Flores</createdBy>
<createdTime>2026-02-02 00:46:31 UTC</createdTime>
<ownerDesignName>ministerio_trabajo</ownerDesignName>
<engineerTo>
<item key="F338ABB7-7682-AF54-03C6-3B8D72216F55" value="true"/>
</engineerTo>
<useDomainConstraints>false</useDomainConstraints>
<use>1</use>
<logicalDatatype>LOGDT037</logicalDatatype>
<dataTypeSize>10 CHAR</dataTypeSize>
<ownDataTypeParameters>10 CHAR,,</ownDataTypeParameters>
</Attribute>
<Attribute name="fecha_nacimiento" id="10499BEF-2919-6B66-0D36-11D64DE6A25A">
<createdBy>Javier Flores</createdBy>
<createdTime>2026-02-02 00:47:17 UTC</createdTime>
<ownerDesignName>ministerio_trabajo</ownerDesignName>
<engineerTo>
<item key="F338ABB7-7682-AF54-03C6-3B8D72216F55" value="true"/>
</engineerTo>
<useDomainConstraints>false</useDomainConstraints>
<use>1</use>
<logicalDatatype>LOGDT007</logicalDatatype>
<ownDataTypeParameters>,,</ownDataTypeParameters>
</Attribute>
<Attribute name="email" id="87C62074-DC8C-2A82-445B-134811E70042">
<createdBy>Javier Flores</createdBy>
<createdTime>2026-02-02 00:47:42 UTC</createdTime>
<ownerDesignName>ministerio_trabajo</ownerDesignName>
<engineerTo>
<item key="F338ABB7-7682-AF54-03C6-3B8D72216F55" value="true"/>
</engineerTo>
<useDomainConstraints>false</useDomainConstraints>
<use>1</use>
<logicalDatatype>LOGDT037</logicalDatatype>
<dataTypeSize>200 CHAR</dataTypeSize>
<ownDataTypeParameters>200 CHAR,,</ownDataTypeParameters>
</Attribute>
<Attribute name="web_site" id="321BB158-DF74-0428-9416-AF9EE68332B1">
<createdBy>Javier Flores</createdBy>
<createdTime>2026-02-02 00:52:05 UTC</createdTime>
<ownerDesignName>ministerio_trabajo</ownerDesignName>
<engineerTo>
<item key="F338ABB7-7682-AF54-03C6-3B8D72216F55" value="true"/>
</engineerTo>
<nullsAllowed>true</nullsAllowed>
<useDomainConstraints>false</useDomainConstraints>
<use>1</use>
<logicalDatatype>LOGDT037</logicalDatatype>
<dataTypeSize>200 CHAR</dataTypeSize>
<ownDataTypeParameters>200 CHAR,,</ownDataTypeParameters>
</Attribute>
<Attribute name="estado_civil" id="F06A6542-0E6A-F450-38C6-34A492584C42">
<createdBy>Javier Flores</createdBy>
<createdTime>2026-02-02 01:13:53 UTC</createdTime>
<ownerDesignName>ministerio_trabajo</ownerDesignName>
<engineerTo>
<item key="F338ABB7-7682-AF54-03C6-3B8D72216F55" value="true"/>
</engineerTo>
<useDomainConstraints>false</useDomainConstraints>
<use>1</use>
<logicalDatatype>LOGDT037</logicalDatatype>
<dataTypeSize>20</dataTypeSize>
<ownDataTypeParameters>20,,</ownDataTypeParameters>
</Attribute>
<Attribute name="renta_actual" id="C8B140B2-2097-14CF-5CF6-8090A26AE4E9">
<createdBy>Javier Flores</createdBy>
<createdTime>2026-02-02 20:08:01 UTC</createdTime>
<ownerDesignName>ministerio_trabajo</ownerDesignName>
<engineerTo>
<item key="F338ABB7-7682-AF54-03C6-3B8D72216F55" value="true"/>
</engineerTo>
<nullsAllowed>true</nullsAllowed>
<useDomainConstraints>false</useDomainConstraints>
<use>1</use>
<logicalDatatype>LOGDT037</logicalDatatype>
<dataTypeSize>14 CHAR</dataTypeSize>
<ownDataTypeParameters>14 CHAR,,</ownDataTypeParameters>
</Attribute>
</attributes>
<identifiers itemClass="oracle.dbtools.crest.model.design.logical.CandidateKey">
<identifier id="DC4AA9B9-346C-1E01-3660-FCE96CD0DFDB" name="PROFESIONAL PK">
<createdBy>Javier Flores</createdBy>
<createdTime>2026-02-02 00:41:36 UTC</createdTime>
<ownerDesignName>ministerio_trabajo</ownerDesignName>
<engineerTo>
<item key="F338ABB7-7682-AF54-03C6-3B8D72216F55" value="true"/>
</engineerTo>
<pk>true</pk>
<usedAttributes>
<attributeRef>CBC6C229-793B-5AB0-A1A2-41BFA8D80DEA</attributeRef>
</usedAttributes>
</identifier>
<identifier id="E06B6A9E-A0D3-5928-4515-1A14F5875DAE" name="web_site">
<createdBy>Javier Flores</createdBy>
<createdTime>2026-02-02 00:52:35 UTC</createdTime>
<ownerDesignName>ministerio_trabajo</ownerDesignName>
<engineerTo>
<item key="F338ABB7-7682-AF54-03C6-3B8D72216F55" value="true"/>
</engineerTo>
<newElementsIDs>321BB158-DF74-0428-9416-AF9EE68332B1</newElementsIDs>
<usedAttributes>
<attributeRef>321BB158-DF74-0428-9416-AF9EE68332B1</attributeRef>
</usedAttributes>
</identifier>
</identifiers>
</Entity>