<?xml version = '1.0' encoding = 'UTF-8'?>
<Entity class="oracle.dbtools.crest.model.design.logical.Entity" directorySegmentName="seg_0" id="7F5FEB9D-E4FA-EB7D-C7DB-6D6969B10176" name="PAIS_EMPRESA">
<createdBy>Javier Flores</createdBy>
<createdTime>2026-02-02 19:46:22 UTC</createdTime>
<ownerDesignName>ministerio_trabajo</ownerDesignName>
<engineerTo>
<item key="F338ABB7-7682-AF54-03C6-3B8D72216F55" value="true"/>
</engineerTo>
<adequatelyNormalized>NO</adequatelyNormalized>
<expectedVolumes>0</expectedVolumes>
<fwdEngineeringStrategyName>Single Table</fwdEngineeringStrategyName>
<growthPercent>0</growthPercent>
<growthType>Year</growthType>
<maxVolumes>9999999</maxVolumes>
<minVolumes>0</minVolumes>
<normalForm>Third</normalForm>
<attributes itemClass="oracle.dbtools.crest.model.design.logical.Attribute">
<Attribute name="id_pais_empresa" id="EF0413C3-D2FD-F5F4-CC4B-25C48861F109">
<createdBy>Javier Flores</createdBy>
<createdTime>2026-02-02 19:46:30 UTC</createdTime>
<ownerDesignName>ministerio_trabajo</ownerDesignName>
<engineerTo>
<item key="F338ABB7-7682-AF54-03C6-3B8D72216F55" value="true"/>
</engineerTo>
<useDomainConstraints>false</useDomainConstraints>
<use>1</use>
<logicalDatatype>LOGDT019</logicalDatatype>
<dataTypePrecision>4</dataTypePrecision>
<ownDataTypeParameters>,4,</ownDataTypeParameters>
</Attribute>
<Attribute name="nombre" id="5C1196E9-595D-0FCF-0BA9-C8E1F7AA2791">
<createdBy>Javier Flores</createdBy>
<createdTime>2026-02-02 19:46:44 UTC</createdTime>
<ownerDesignName>ministerio_trabajo</ownerDesignName>
<engineerTo>
<item key="F338ABB7-7682-AF54-03C6-3B8D72216F55" value="true"/>
</engineerTo>
<useDomainConstraints>false</useDomainConstraints>
<use>1</use>
<logicalDatatype>LOGDT037</logicalDatatype>
<ownDataTypeParameters>,,</ownDataTypeParameters>
</Attribute>
</attributes>
<identifiers itemClass="oracle.dbtools.crest.model.design.logical.CandidateKey">
<identifier id="E0EE5376-1854-4489-EC96-E3723F3253FF" name="PAIS_EMPRESA PK">
<createdBy>Javier Flores</createdBy>
<createdTime>2026-02-02 19:46:43 UTC</createdTime>
<ownerDesignName>ministerio_trabajo</ownerDesignName>
<engineerTo>
<item key="F338ABB7-7682-AF54-03C6-3B8D72216F55" value="true"/>
</engineerTo>
<pk>true</pk>
<usedAttributes>
<attributeRef>EF0413C3-D2FD-F5F4-CC4B-25C48861F109</attributeRef>
</usedAttributes>
</identifier>
</identifiers>
</Entity>