<?xml version = '1.0' encoding = 'UTF-8'?>
<Entity class="oracle.dbtools.crest.model.design.logical.Entity" directorySegmentName="seg_0" id="8B3C7C23-E3F1-935B-C608-D9CB151880CE" name="PROFESION">
<createdBy>Javier Flores</createdBy>
<createdTime>2026-02-02 01:09:21 UTC</createdTime>
<ownerDesignName>ministerio_trabajo</ownerDesignName>
<engineerTo>
<item key="F338ABB7-7682-AF54-03C6-3B8D72216F55" value="true"/>
</engineerTo>
<adequatelyNormalized>NO</adequatelyNormalized>
<expectedVolumes>0</expectedVolumes>
<fwdEngineeringStrategyName>Single Table</fwdEngineeringStrategyName>
<growthPercent>0</growthPercent>
<growthType>Year</growthType>
<maxVolumes>9999999</maxVolumes>
<minVolumes>0</minVolumes>
<normalForm>Third</normalForm>
<attributes itemClass="oracle.dbtools.crest.model.design.logical.Attribute">
<Attribute name="titulo" id="9D80F76E-48B6-85C6-1DC1-180145543802">
<createdBy>Javier Flores</createdBy>
<createdTime>2026-02-02 01:09:26 UTC</createdTime>
<ownerDesignName>ministerio_trabajo</ownerDesignName>
<engineerTo>
<item key="F338ABB7-7682-AF54-03C6-3B8D72216F55" value="true"/>
</engineerTo>
<useDomainConstraints>false</useDomainConstraints>
<use>1</use>
<logicalDatatype>LOGDT037</logicalDatatype>
<dataTypeSize>200 CHAR</dataTypeSize>
<ownDataTypeParameters>200 CHAR,,</ownDataTypeParameters>
</Attribute>
</attributes>
</Entity>