<?xml version = '1.0' encoding = 'UTF-8'?>
<Entity class="oracle.dbtools.crest.model.design.logical.Entity" directorySegmentName="seg_0" id="9F80DE9B-2496-A0B7-1674-2BAD58015D69" name="POSTU_NACIONAL">
<createdBy>Javier Flores</createdBy>
<createdTime>2026-02-02 01:27:29 UTC</createdTime>
<ownerDesignName>ministerio_trabajo</ownerDesignName>
<engineerTo>
<item key="F338ABB7-7682-AF54-03C6-3B8D72216F55" value="true"/>
</engineerTo>
<adequatelyNormalized>NO</adequatelyNormalized>
<expectedVolumes>0</expectedVolumes>
<fwdEngineeringStrategyName>Single Table</fwdEngineeringStrategyName>
<growthPercent>0</growthPercent>
<growthType>Year</growthType>
<hierarchicalParent>A8617179-DD7E-95D1-941D-1C7FFB06BFAC</hierarchicalParent>
<maxVolumes>9999999</maxVolumes>
<minVolumes>0</minVolumes>
<normalForm>Third</normalForm>
<attributes itemClass="oracle.dbtools.crest.model.design.logical.Attribute">
<Attribute name="pretension_renta" id="4A522896-F794-1378-4B58-D71F60718AF4">
<createdBy>Javier Flores</createdBy>
<createdTime>2026-02-02 01:29:31 UTC</createdTime>
<ownerDesignName>ministerio_trabajo</ownerDesignName>
<engineerTo>
<item key="F338ABB7-7682-AF54-03C6-3B8D72216F55" value="true"/>
</engineerTo>
<useDomainConstraints>false</useDomainConstraints>
<use>1</use>
<logicalDatatype>LOGDT037</logicalDatatype>
<dataTypeSize>30 CHAR</dataTypeSize>
<ownDataTypeParameters>30 CHAR,,</ownDataTypeParameters>
</Attribute>
</attributes>
</Entity>