<?xml version = '1.0' encoding = 'UTF-8'?>
<Entity class="oracle.dbtools.crest.model.design.logical.Entity" directorySegmentName="seg_0" id="A2B331A0-5BCB-4E11-A71D-06787D4755D3" name="EXTRANJERO">
<createdBy>Javier Flores</createdBy>
<createdTime>2026-02-02 00:38:18 UTC</createdTime>
<ownerDesignName>ministerio_trabajo</ownerDesignName>
<engineerTo>
<item key="F338ABB7-7682-AF54-03C6-3B8D72216F55" value="true"/>
</engineerTo>
<adequatelyNormalized>NO</adequatelyNormalized>
<expectedVolumes>0</expectedVolumes>
<fwdEngineeringStrategyName>Single Table</fwdEngineeringStrategyName>
<growthPercent>0</growthPercent>
<growthType>Year</growthType>
<hierarchicalParent>212D4ECA-FF78-BFDC-C54D-89CEAF8D39D6</hierarchicalParent>
<maxVolumes>9999999</maxVolumes>
<minVolumes>0</minVolumes>
<normalForm>Third</normalForm>
<attributes itemClass="oracle.dbtools.crest.model.design.logical.Attribute">
<Attribute name="dni" id="0CED7D23-033B-3341-A428-260ED0327E44">
<createdBy>Javier Flores</createdBy>
<createdTime>2026-02-02 00:54:37 UTC</createdTime>
<ownerDesignName>ministerio_trabajo</ownerDesignName>
<engineerTo>
<item key="F338ABB7-7682-AF54-03C6-3B8D72216F55" value="true"/>
</engineerTo>
<useDomainConstraints>false</useDomainConstraints>
<use>1</use>
<logicalDatatype>LOGDT037</logicalDatatype>
<dataTypeSize>20 CHAR</dataTypeSize>
<ownDataTypeParameters>20 CHAR,,</ownDataTypeParameters>
</Attribute>
<Attribute name="id_pais_origen" id="1A33DD45-0C54-2A20-5F2D-00384443FD62">
<createdBy>Javier Flores</createdBy>
<createdTime>2026-02-02 19:41:07 UTC</createdTime>
<generatorID>25FCD35F-CECE-9EE5-56BB-84DD72E4AF0D</generatorID>
<ownerDesignName>ministerio_trabajo</ownerDesignName>
<engineerTo>
<item key="F338ABB7-7682-AF54-03C6-3B8D72216F55" value="true"/>
</engineerTo>
<referedAttribute>3BB6531C-1110-E388-A62E-3A813D33C6A5</referedAttribute>
<useDomainConstraints>false</useDomainConstraints>
<use>1</use>
<logicalDatatype>LOGDT019</logicalDatatype>
<dataTypePrecision>4</dataTypePrecision>
<ownDataTypeParameters>,,</ownDataTypeParameters>
</Attribute>
</attributes>
<identifiers itemClass="oracle.dbtools.crest.model.design.logical.CandidateKey">
<identifier id="2ECBAEC9-C004-B563-6CB0-79B25A635888" name="EXTRANJERO PK">
<createdBy>Javier Flores</createdBy>
<createdTime>2026-02-02 00:54:50 UTC</createdTime>
<ownerDesignName>ministerio_trabajo</ownerDesignName>
<engineerTo>
<item key="F338ABB7-7682-AF54-03C6-3B8D72216F55" value="true"/>
</engineerTo>
<pk>true</pk>
<usedAttributes>
<attributeRef>0CED7D23-033B-3341-A428-260ED0327E44</attributeRef>
</usedAttributes>
</identifier>
</identifiers>
</Entity>