<?xml version = '1.0' encoding = 'UTF-8'?>
<Entity class="oracle.dbtools.crest.model.design.logical.Entity" directorySegmentName="seg_0" id="A8617179-DD7E-95D1-941D-1C7FFB06BFAC" name="POSTULACION">
<createdBy>Javier Flores</createdBy>
<createdTime>2026-02-02 00:40:38 UTC</createdTime>
<ownerDesignName>ministerio_trabajo</ownerDesignName>
<engineerTo>
<item key="F338ABB7-7682-AF54-03C6-3B8D72216F55" value="true"/>
</engineerTo>
<adequatelyNormalized>NO</adequatelyNormalized>
<expectedVolumes>0</expectedVolumes>
<fwdEngineeringStrategyName>Single Table</fwdEngineeringStrategyName>
<growthPercent>0</growthPercent>
<growthType>Year</growthType>
<maxVolumes>9999999</maxVolumes>
<minVolumes>0</minVolumes>
<normalForm>Third</normalForm>
<attributes itemClass="oracle.dbtools.crest.model.design.logical.Attribute">
<Attribute name="folio_postulacion" id="A0B0769D-1082-243F-E4F6-796B59D2A4B0">
<createdBy>Javier Flores</createdBy>
<createdTime>2026-02-02 01:12:01 UTC</createdTime>
<ownerDesignName>ministerio_trabajo</ownerDesignName>
<engineerTo>
<item key="F338ABB7-7682-AF54-03C6-3B8D72216F55" value="true"/>
</engineerTo>
<useDomainConstraints>false</useDomainConstraints>
<use>1</use>
<logicalDatatype>LOGDT019</logicalDatatype>
<dataTypePrecision>9</dataTypePrecision>
<ownDataTypeParameters>,9,</ownDataTypeParameters>
</Attribute>
<Attribute name="id_profesional" id="9EECCB8D-0FBF-6824-41FB-0B209349FDF6">
<createdBy>Javier Flores</createdBy>
<createdTime>2026-02-02 01:49:57 UTC</createdTime>
<generatorID>289EA9C8-27BF-27C3-F05A-6DD02F141A4B</generatorID>
<ownerDesignName>ministerio_trabajo</ownerDesignName>
<engineerTo>
<item key="F338ABB7-7682-AF54-03C6-3B8D72216F55" value="true"/>
</engineerTo>
<referedAttribute>CBC6C229-793B-5AB0-A1A2-41BFA8D80DEA</referedAttribute>
<useDomainConstraints>false</useDomainConstraints>
<use>1</use>
<logicalDatatype>LOGDT037</logicalDatatype>
<ownDataTypeParameters>,,</ownDataTypeParameters>
</Attribute>
</attributes>
<identifiers itemClass="oracle.dbtools.crest.model.design.logical.CandidateKey">
<identifier id="14D1A938-E576-7117-956B-D3A916A34851" name="POSTULACION PK">
<createdBy>Javier Flores</createdBy>
<createdTime>2026-02-02 01:12:26 UTC</createdTime>
<ownerDesignName>ministerio_trabajo</ownerDesignName>
<engineerTo>
<item key="F338ABB7-7682-AF54-03C6-3B8D72216F55" value="true"/>
</engineerTo>
<pk>true</pk>
<usedAttributes>
<attributeRef>A0B0769D-1082-243F-E4F6-796B59D2A4B0</attributeRef>
</usedAttributes>
</identifier>
</identifiers>
</Entity>