<?xml version = '1.0' encoding = 'UTF-8'?>
<Entity class="oracle.dbtools.crest.model.design.logical.Entity" directorySegmentName="seg_0" id="B47C2115-A06C-126A-2620-357409B8D277" name="POSTULACION_CARGO">
<createdBy>Javier Flores</createdBy>
<createdTime>2026-02-02 01:57:41 UTC</createdTime>
<ownerDesignName>ministerio_trabajo</ownerDesignName>
<engineerTo>
<item key="F338ABB7-7682-AF54-03C6-3B8D72216F55" value="true"/>
</engineerTo>
<adequatelyNormalized>NO</adequatelyNormalized>
<expectedVolumes>0</expectedVolumes>
<fwdEngineeringStrategyName>Single Table</fwdEngineeringStrategyName>
<growthPercent>0</growthPercent>
<growthType>Year</growthType>
<maxVolumes>9999999</maxVolumes>
<minVolumes>0</minVolumes>
<normalForm>Third</normalForm>
<attributes itemClass="oracle.dbtools.crest.model.design.logical.Attribute">
<Attribute name="id_cargo" id="9E595117-A12A-6D43-7D95-DE985024C8A0">
<createdBy>Javier Flores</createdBy>
<createdTime>2026-02-02 01:58:28 UTC</createdTime>
<generatorID>B689668E-C07A-F1EE-EF19-E41BB1A0490C</generatorID>
<ownerDesignName>ministerio_trabajo</ownerDesignName>
<engineerTo>
<item key="F338ABB7-7682-AF54-03C6-3B8D72216F55" value="true"/>
</engineerTo>
<referedAttribute>93B0D90C-B639-48C0-ABB7-3C006BD896EA</referedAttribute>
<useDomainConstraints>false</useDomainConstraints>
<use>1</use>
<logicalDatatype>LOGDT037</logicalDatatype>
<dataTypeSize>10 CHAR</dataTypeSize>
<ownDataTypeParameters>,,</ownDataTypeParameters>
</Attribute>
<Attribute name="folio_postulacion" id="86C547F9-B4AF-59E0-E53F-2A57E6F30F22">
<createdBy>Javier Flores</createdBy>
<createdTime>2026-02-02 01:59:27 UTC</createdTime>
<generatorID>CC2DF205-23F6-DE2E-2775-1A4AFEF166E7</generatorID>
<ownerDesignName>ministerio_trabajo</ownerDesignName>
<engineerTo>
<item key="F338ABB7-7682-AF54-03C6-3B8D72216F55" value="true"/>
</engineerTo>
<referedAttribute>A0B0769D-1082-243F-E4F6-796B59D2A4B0</referedAttribute>
<useDomainConstraints>false</useDomainConstraints>
<use>1</use>
<logicalDatatype>LOGDT019</logicalDatatype>
<dataTypePrecision>9</dataTypePrecision>
<ownDataTypeParameters>,9,</ownDataTypeParameters>
</Attribute>
<Attribute name="estado_postulacion" id="03D7D634-3282-FFAC-B46D-5665FA38EF80">
<createdBy>Javier Flores</createdBy>
<createdTime>2026-02-02 20:07:12 UTC</createdTime>
<ownerDesignName>ministerio_trabajo</ownerDesignName>
<engineerTo>
<item key="F338ABB7-7682-AF54-03C6-3B8D72216F55" value="true"/>
</engineerTo>
<useDomainConstraints>false</useDomainConstraints>
<use>1</use>
<logicalDatatype>LOGDT037</logicalDatatype>
<dataTypeSize>15 CHAR</dataTypeSize>
<ownDataTypeParameters>15 CHAR,,</ownDataTypeParameters>
</Attribute>
</attributes>
</Entity>