<?xml version = '1.0' encoding = 'UTF-8'?>
<Entity class="oracle.dbtools.crest.model.design.logical.Entity" directorySegmentName="seg_0" id="B4CF0112-2D2C-89D4-FE1B-646A893B7130" name="UBICACION_EMPRESA">
<createdBy>Javier Flores</createdBy>
<createdTime>2026-02-02 01:05:53 UTC</createdTime>
<ownerDesignName>ministerio_trabajo</ownerDesignName>
<engineerTo>
<item key="F338ABB7-7682-AF54-03C6-3B8D72216F55" value="true"/>
</engineerTo>
<adequatelyNormalized>NO</adequatelyNormalized>
<expectedVolumes>0</expectedVolumes>
<fwdEngineeringStrategyName>Single Table</fwdEngineeringStrategyName>
<growthPercent>0</growthPercent>
<growthType>Year</growthType>
<maxVolumes>9999999</maxVolumes>
<minVolumes>0</minVolumes>
<normalForm>Third</normalForm>
<attributes itemClass="oracle.dbtools.crest.model.design.logical.Attribute">
<Attribute name="id_empresa" id="F09C80BD-0139-0E9E-D789-8D144F488523">
<createdBy>Javier Flores</createdBy>
<createdTime>2026-02-02 01:39:16 UTC</createdTime>
<generatorID>1099CEF1-8CDD-D672-6F40-092B212CA8D6</generatorID>
<ownerDesignName>ministerio_trabajo</ownerDesignName>
<engineerTo>
<item key="F338ABB7-7682-AF54-03C6-3B8D72216F55" value="true"/>
</engineerTo>
<referedAttribute>808A0D9F-8135-A569-925F-C38806542D65</referedAttribute>
<useDomainConstraints>false</useDomainConstraints>
<use>1</use>
<logicalDatatype>LOGDT037</logicalDatatype>
<dataTypeSize>10 CHAR</dataTypeSize>
<ownDataTypeParameters>,,</ownDataTypeParameters>
</Attribute>
<Attribute name="nombre_calle" id="1420FDD5-CFC4-BCCE-12B4-0C3C61ECE148">
<createdBy>Javier Flores</createdBy>
<createdTime>2026-02-02 19:51:21 UTC</createdTime>
<ownerDesignName>ministerio_trabajo</ownerDesignName>
<engineerTo>
<item key="F338ABB7-7682-AF54-03C6-3B8D72216F55" value="true"/>
</engineerTo>
<useDomainConstraints>false</useDomainConstraints>
<use>1</use>
<logicalDatatype>LOGDT037</logicalDatatype>
<dataTypeSize>200 CHAR</dataTypeSize>
<ownDataTypeParameters>200 CHAR,,</ownDataTypeParameters>
</Attribute>
<Attribute name="numero_calle" id="27CB3E49-4C82-13DF-A8AF-F20ECF7D5E76">
<createdBy>Javier Flores</createdBy>
<createdTime>2026-02-02 19:51:56 UTC</createdTime>
<ownerDesignName>ministerio_trabajo</ownerDesignName>
<engineerTo>
<item key="F338ABB7-7682-AF54-03C6-3B8D72216F55" value="true"/>
</engineerTo>
<useDomainConstraints>false</useDomainConstraints>
<use>1</use>
<logicalDatatype>LOGDT019</logicalDatatype>
<dataTypePrecision>4</dataTypePrecision>
<ownDataTypeParameters>,4,</ownDataTypeParameters>
</Attribute>
<Attribute name="id_ciudad_empresa" id="EF7D214B-BC31-79E1-58BB-78F488032BC1">
<createdBy>Javier Flores</createdBy>
<createdTime>2026-02-02 19:53:52 UTC</createdTime>
<generatorID>457EF62A-B581-7769-BE82-CF71801340B6</generatorID>
<ownerDesignName>ministerio_trabajo</ownerDesignName>
<engineerTo>
<item key="F338ABB7-7682-AF54-03C6-3B8D72216F55" value="true"/>
</engineerTo>
<referedAttribute>4CDD1290-03AC-0228-5522-D0CB73B48904</referedAttribute>
<useDomainConstraints>false</useDomainConstraints>
<use>1</use>
<logicalDatatype>LOGDT019</logicalDatatype>
<dataTypePrecision>4</dataTypePrecision>
<ownDataTypeParameters>,,</ownDataTypeParameters>
</Attribute>
<Attribute name="id_ubicacion" id="9EB5A822-31D5-FF79-87AF-F3B275F237AF">
<createdBy>Javier Flores</createdBy>
<createdTime>2026-02-02 19:56:23 UTC</createdTime>
<ownerDesignName>ministerio_trabajo</ownerDesignName>
<engineerTo>
<item key="F338ABB7-7682-AF54-03C6-3B8D72216F55" value="true"/>
</engineerTo>
<useDomainConstraints>false</useDomainConstraints>
<use>1</use>
<logicalDatatype>LOGDT019</logicalDatatype>
<dataTypePrecision>4</dataTypePrecision>
<ownDataTypeParameters>,4,</ownDataTypeParameters>
</Attribute>
</attributes>
<identifiers itemClass="oracle.dbtools.crest.model.design.logical.CandidateKey">
<identifier id="BD5F3FFC-4F6A-0BB2-9875-758F6F3AB14D" name="UBICACION_EMPRESA PK">
<createdBy>Javier Flores</createdBy>
<createdTime>2026-02-02 01:06:27 UTC</createdTime>
<ownerDesignName>ministerio_trabajo</ownerDesignName>
<engineerTo>
<item key="F338ABB7-7682-AF54-03C6-3B8D72216F55" value="true"/>
</engineerTo>
<pk>true</pk>
<usedAttributes>
<attributeRef>9EB5A822-31D5-FF79-87AF-F3B275F237AF</attributeRef>
</usedAttributes>
</identifier>
</identifiers>
</Entity>