<?xml version = '1.0' encoding = 'UTF-8'?>
<Entity class="oracle.dbtools.crest.model.design.logical.Entity" directorySegmentName="seg_0" id="EB17754B-61E1-BA0D-9A2B-E9FF83CB9082" name="POSTU_INTERNACIONAL">
<createdBy>Javier Flores</createdBy>
<createdTime>2026-02-02 01:28:49 UTC</createdTime>
<ownerDesignName>ministerio_trabajo</ownerDesignName>
<engineerTo>
<item key="F338ABB7-7682-AF54-03C6-3B8D72216F55" value="true"/>
</engineerTo>
<adequatelyNormalized>NO</adequatelyNormalized>
<expectedVolumes>0</expectedVolumes>
<fwdEngineeringStrategyName>Single Table</fwdEngineeringStrategyName>
<growthPercent>0</growthPercent>
<growthType>Year</growthType>
<hierarchicalParent>A8617179-DD7E-95D1-941D-1C7FFB06BFAC</hierarchicalParent>
<maxVolumes>9999999</maxVolumes>
<minVolumes>0</minVolumes>
<normalForm>Third</normalForm>
<attributes itemClass="oracle.dbtools.crest.model.design.logical.Attribute">
<Attribute name="visa" id="D28A4F59-84E8-000E-7035-975B3B2275EB">
<createdBy>Javier Flores</createdBy>
<createdTime>2026-02-02 01:30:25 UTC</createdTime>
<ownerDesignName>ministerio_trabajo</ownerDesignName>
<engineerTo>
<item key="F338ABB7-7682-AF54-03C6-3B8D72216F55" value="true"/>
</engineerTo>
<useDomainConstraints>false</useDomainConstraints>
<use>1</use>
<logicalDatatype>LOGDT037</logicalDatatype>
<dataTypeSize>15 CHAR</dataTypeSize>
<ownDataTypeParameters>15 CHAR,,</ownDataTypeParameters>
</Attribute>
<Attribute name="fecha_visa" id="30D39643-B21F-689B-ED9D-C55F6F57758C">
<createdBy>Javier Flores</createdBy>
<createdTime>2026-02-02 01:31:32 UTC</createdTime>
<ownerDesignName>ministerio_trabajo</ownerDesignName>
<engineerTo>
<item key="F338ABB7-7682-AF54-03C6-3B8D72216F55" value="true"/>
</engineerTo>
<useDomainConstraints>false</useDomainConstraints>
<use>1</use>
<logicalDatatype>LOGDT007</logicalDatatype>
<ownDataTypeParameters>,,</ownDataTypeParameters>
</Attribute>
</attributes>
<identifiers itemClass="oracle.dbtools.crest.model.design.logical.CandidateKey">
<identifier id="462D52B1-6C82-0EBB-FAFB-BA410EACDE22" name="POSTU_INTERNACIONAL PK">
<createdBy>Javier Flores</createdBy>
<createdTime>2026-02-02 01:32:11 UTC</createdTime>
<ownerDesignName>ministerio_trabajo</ownerDesignName>
<engineerTo>
<item key="F338ABB7-7682-AF54-03C6-3B8D72216F55" value="true"/>
</engineerTo>
<pk>true</pk>
<usedAttributes>
<attributeRef>D28A4F59-84E8-000E-7035-975B3B2275EB</attributeRef>
</usedAttributes>
</identifier>
</identifiers>
</Entity>