<?xml version = '1.0' encoding = 'UTF-8'?>
<Relation class="oracle.dbtools.crest.model.design.logical.InheritanceRelation" name="Hierarchy_6" directorySegmentName="seg_0" id="30F873DA-2E00-BCFC-1ECB-BE6485D068BD">
<createdBy>Javier Flores</createdBy>
<createdTime>2026-02-02 01:29:10 UTC</createdTime>
<ownerDesignName>ministerio_trabajo</ownerDesignName>
<engineerTo>
<item key="F338ABB7-7682-AF54-03C6-3B8D72216F55" value="true"/>
</engineerTo>
<identifying>false</identifying>
<nameOnSource>Super Type</nameOnSource>
<nameOnTarget>Sub Type</nameOnTarget>
<optionalSource>true</optionalSource>
<optionalTarget>true</optionalTarget>
<sourceEntity>A8617179-DD7E-95D1-941D-1C7FFB06BFAC</sourceEntity>
<targetEntity>9F80DE9B-2496-A0B7-1674-2BAD58015D69</targetEntity>
<transferable>true</transferable>
<deleteRule>NO ACTION</deleteRule>
</Relation>