<?xml version = '1.0' encoding = 'UTF-8'?>
<relationalModel class="oracle.dbtools.crest.model.design.relational.RelationalDesign" name="Relational_1" id="B0FCBCAB-4665-FE3D-9461-3E801D45EE17" mainViewID="D9F9225E-D1ED-8C10-8853-B636E47BD394">
<createdBy>flore</createdBy>
<createdTime>2026-01-23 01:43:50 UTC</createdTime>
<ownerDesignName>HiLogic_Solutions</ownerDesignName>
<shouldBeOpen>false</shouldBeOpen>
<selectedRDBMSSite>32076570-2523-435C-2E92-BF29817DFF70</selectedRDBMSSite>
</relationalModel>