<?xml version = '1.0' encoding = 'UTF-8'?>
<Relation class="oracle.dbtools.crest.model.design.logical.Relation" name="EMPRESA-UBICACION" directorySegmentName="seg_0" id="1099CEF1-8CDD-D672-6F40-092B212CA8D6">
<createdBy>Javier Flores</createdBy>
<createdTime>2026-02-02 01:39:16 UTC</createdTime>
<ownerDesignName>ministerio_trabajo</ownerDesignName>
<engineerTo>
<item key="F338ABB7-7682-AF54-03C6-3B8D72216F55" value="true"/>
</engineerTo>
<sourcePk>E5F84B34-13DD-C1C0-7158-82B0A389597F</sourcePk>
<identifying>false</identifying>
<nameOnSource>tener</nameOnSource>
<nameOnTarget>asociada</nameOnTarget>
<optionalSource>false</optionalSource>
<optionalTarget>false</optionalTarget>
<sourceCardinality>1</sourceCardinality>
<sourceEntity>D87DE5DA-F6F0-9B08-48A2-4EDAF5F776EB</sourceEntity>
<targetCardinalityString>*</targetCardinalityString>
<targetEntity>B4CF0112-2D2C-89D4-FE1B-646A893B7130</targetEntity>
<transferable>true</transferable>
<deleteRule>NO ACTION</deleteRule>
</Relation>