<?xml version = '1.0' encoding = 'UTF-8'?>
<Relation class="oracle.dbtools.crest.model.design.logical.Relation" name="ORIGEN-EXTRANJERO" directorySegmentName="seg_0" id="25FCD35F-CECE-9EE5-56BB-84DD72E4AF0D">
<createdBy>Javier Flores</createdBy>
<createdTime>2026-02-02 19:41:07 UTC</createdTime>
<ownerDesignName>ministerio_trabajo</ownerDesignName>
<engineerTo>
<item key="F338ABB7-7682-AF54-03C6-3B8D72216F55" value="true"/>
</engineerTo>
<sourcePk>425B7B86-10BB-F6AD-F219-58803CB9F971</sourcePk>
<identifying>false</identifying>
<nameOnSource>genera</nameOnSource>
<nameOnTarget>pertenece</nameOnTarget>
<optionalSource>true</optionalSource>
<optionalTarget>false</optionalTarget>
<sourceCardinality>1</sourceCardinality>
<sourceEntity>2B5B3EB2-B409-098D-C37C-766282F026F3</sourceEntity>
<targetCardinalityString>*</targetCardinalityString>
<targetEntity>A2B331A0-5BCB-4E11-A71D-06787D4755D3</targetEntity>
<transferable>true</transferable>
<deleteRule>NO ACTION</deleteRule>
</Relation>