<?xml version = '1.0' encoding = 'UTF-8'?>
<Relation class="oracle.dbtools.crest.model.design.logical.Relation" name="PROFESIONAL-POSTULACION" directorySegmentName="seg_0" id="289EA9C8-27BF-27C3-F05A-6DD02F141A4B">
<createdBy>Javier Flores</createdBy>
<createdTime>2026-02-02 01:49:57 UTC</createdTime>
<ownerDesignName>ministerio_trabajo</ownerDesignName>
<engineerTo>
<item key="F338ABB7-7682-AF54-03C6-3B8D72216F55" value="true"/>
</engineerTo>
<sourcePk>DC4AA9B9-346C-1E01-3660-FCE96CD0DFDB</sourcePk>
<identifying>false</identifying>
<nameOnSource>postular</nameOnSource>
<nameOnTarget>pertenecer</nameOnTarget>
<optionalSource>true</optionalSource>
<optionalTarget>false</optionalTarget>
<sourceCardinality>1</sourceCardinality>
<sourceEntity>212D4ECA-FF78-BFDC-C54D-89CEAF8D39D6</sourceEntity>
<targetCardinalityString>*</targetCardinalityString>
<targetEntity>A8617179-DD7E-95D1-941D-1C7FFB06BFAC</targetEntity>
<transferable>true</transferable>
<deleteRule>NO ACTION</deleteRule>
</Relation>