<?xml version = '1.0' encoding = 'UTF-8'?>
<Relation class="oracle.dbtools.crest.model.design.logical.Relation" name="CIUDAD-UBICACION" directorySegmentName="seg_0" id="457EF62A-B581-7769-BE82-CF71801340B6">
<createdBy>Javier Flores</createdBy>
<createdTime>2026-02-02 19:50:26 UTC</createdTime>
<ownerDesignName>ministerio_trabajo</ownerDesignName>
<engineerTo>
<item key="F338ABB7-7682-AF54-03C6-3B8D72216F55" value="true"/>
</engineerTo>
<sourcePk>9FE4CC7A-4D13-AF2E-B733-D76EC1B08803</sourcePk>
<identifying>false</identifying>
<nameOnSource>contener</nameOnSource>
<nameOnTarget>pertenecer</nameOnTarget>
<optionalSource>true</optionalSource>
<optionalTarget>false</optionalTarget>
<sourceCardinality>1</sourceCardinality>
<sourceEntity>13175C80-9511-4F39-A97A-91A43F46ECA1</sourceEntity>
<targetCardinalityString>1</targetCardinalityString>
<targetEntity>B4CF0112-2D2C-89D4-FE1B-646A893B7130</targetEntity>
<transferable>true</transferable>
<deleteRule>NO ACTION</deleteRule>
</Relation>