<?xml version = '1.0' encoding = 'UTF-8'?>
<Relation class="oracle.dbtools.crest.model.design.logical.Relation" name="ESTUDIO-PROFESION" directorySegmentName="seg_0" id="485B34C8-F965-7CA9-B3FC-03AA8722B3F3">
<createdBy>Javier Flores</createdBy>
<createdTime>2026-02-02 01:53:37 UTC</createdTime>
<ownerDesignName>ministerio_trabajo</ownerDesignName>
<engineerTo>
<item key="F338ABB7-7682-AF54-03C6-3B8D72216F55" value="true"/>
</engineerTo>
<identifying>false</identifying>
<nameOnSource>aprendida</nameOnSource>
<nameOnTarget>estudiar</nameOnTarget>
<optionalSource>false</optionalSource>
<optionalTarget>false</optionalTarget>
<sourceCardinality>1</sourceCardinality>
<sourceEntity>8B3C7C23-E3F1-935B-C608-D9CB151880CE</sourceEntity>
<targetCardinalityString>*</targetCardinalityString>
<targetEntity>C8362D13-1C41-4359-0F6D-FC3F9AD84B67</targetEntity>
<transferable>true</transferable>
<deleteRule>NO ACTION</deleteRule>
</Relation>