<?xml version = '1.0' encoding = 'UTF-8'?>
<Relation class="oracle.dbtools.crest.model.design.logical.Relation" name="EMPRESA-CARGO" directorySegmentName="seg_0" id="76F16871-5C85-1661-0334-A7A4C374735F">
<createdBy>Javier Flores</createdBy>
<createdTime>2026-02-02 01:47:11 UTC</createdTime>
<ownerDesignName>ministerio_trabajo</ownerDesignName>
<engineerTo>
<item key="F338ABB7-7682-AF54-03C6-3B8D72216F55" value="true"/>
</engineerTo>
<sourcePk>E5F84B34-13DD-C1C0-7158-82B0A389597F</sourcePk>
<identifying>false</identifying>
<nameOnSource>ofrecer</nameOnSource>
<nameOnTarget>pertencer</nameOnTarget>
<optionalSource>true</optionalSource>
<optionalTarget>false</optionalTarget>
<sourceCardinality>1</sourceCardinality>
<sourceEntity>D87DE5DA-F6F0-9B08-48A2-4EDAF5F776EB</sourceEntity>
<targetCardinalityString>*</targetCardinalityString>
<targetEntity>5BF4FEC3-3393-52E8-D5F7-2035331A462D</targetEntity>
<transferable>true</transferable>
<deleteRule>NO ACTION</deleteRule>
</Relation>