<?xml version = '1.0' encoding = 'UTF-8'?>
<Relation class="oracle.dbtools.crest.model.design.logical.Relation" name="POTULACION-IDIOMA" directorySegmentName="seg_0" id="8EC2CADE-F7DA-BAF7-4E3D-CFD3FAC3E455">
<createdBy>Javier Flores</createdBy>
<createdTime>2026-02-02 19:34:15 UTC</createdTime>
<ownerDesignName>ministerio_trabajo</ownerDesignName>
<engineerTo>
<item key="F338ABB7-7682-AF54-03C6-3B8D72216F55" value="true"/>
</engineerTo>
<sourcePk>462D52B1-6C82-0EBB-FAFB-BA410EACDE22</sourcePk>
<identifying>false</identifying>
<nameOnSource>contar</nameOnSource>
<nameOnTarget>estar</nameOnTarget>
<optionalSource>false</optionalSource>
<optionalTarget>true</optionalTarget>
<sourceCardinality>1</sourceCardinality>
<sourceEntity>EB17754B-61E1-BA0D-9A2B-E9FF83CB9082</sourceEntity>
<targetCardinalityString>*</targetCardinalityString>
<targetEntity>49557D84-2B95-E005-4C02-1D75DD0ED50C</targetEntity>
<transferable>true</transferable>
<deleteRule>NO ACTION</deleteRule>
</Relation>