<?xml version = '1.0' encoding = 'UTF-8'?>
<Relation class="oracle.dbtools.crest.model.design.logical.Relation" name="CARGO-POSTULACION" directorySegmentName="seg_0" id="B689668E-C07A-F1EE-EF19-E41BB1A0490C">
<createdBy>Javier Flores</createdBy>
<createdTime>2026-02-02 01:58:28 UTC</createdTime>
<ownerDesignName>ministerio_trabajo</ownerDesignName>
<engineerTo>
<item key="F338ABB7-7682-AF54-03C6-3B8D72216F55" value="true"/>
</engineerTo>
<sourcePk>209B194A-7D02-978C-2ED5-24A0706D8B35</sourcePk>
<identifying>false</identifying>
<nameOnSource>recibir</nameOnSource>
<nameOnTarget>optar</nameOnTarget>
<optionalSource>true</optionalSource>
<optionalTarget>false</optionalTarget>
<sourceCardinality>1</sourceCardinality>
<sourceEntity>5BF4FEC3-3393-52E8-D5F7-2035331A462D</sourceEntity>
<targetCardinalityString>*</targetCardinalityString>
<targetEntity>B47C2115-A06C-126A-2620-357409B8D277</targetEntity>
<transferable>true</transferable>
<deleteRule>NO ACTION</deleteRule>
</Relation>