<?xml version = '1.0' encoding = 'UTF-8'?>
<Relation class="oracle.dbtools.crest.model.design.logical.Relation" name="POSTULACION-CARGO" directorySegmentName="seg_0" id="CC2DF205-23F6-DE2E-2775-1A4AFEF166E7">
<createdBy>Javier Flores</createdBy>
<createdTime>2026-02-02 01:59:27 UTC</createdTime>
<ownerDesignName>ministerio_trabajo</ownerDesignName>
<engineerTo>
<item key="F338ABB7-7682-AF54-03C6-3B8D72216F55" value="true"/>
</engineerTo>
<sourcePk>14D1A938-E576-7117-956B-D3A916A34851</sourcePk>
<identifying>false</identifying>
<nameOnSource>optar</nameOnSource>
<nameOnTarget>recibir</nameOnTarget>
<optionalSource>false</optionalSource>
<optionalTarget>false</optionalTarget>
<sourceCardinality>1</sourceCardinality>
<sourceEntity>A8617179-DD7E-95D1-941D-1C7FFB06BFAC</sourceEntity>
<targetCardinalityString>*</targetCardinalityString>
<targetEntity>B47C2115-A06C-126A-2620-357409B8D277</targetEntity>
<transferable>true</transferable>
<deleteRule>NO ACTION</deleteRule>
</Relation>