<?xml version = '1.0' encoding = 'UTF-8'?>
<Relation class="oracle.dbtools.crest.model.design.logical.Relation" name="IDIOMA-POSTULACION" directorySegmentName="seg_0" id="D1D1139F-D601-2F17-3014-0120C9EBCC38">
<createdBy>Javier Flores</createdBy>
<createdTime>2026-02-02 19:34:24 UTC</createdTime>
<ownerDesignName>ministerio_trabajo</ownerDesignName>
<engineerTo>
<item key="F338ABB7-7682-AF54-03C6-3B8D72216F55" value="true"/>
</engineerTo>
<identifying>false</identifying>
<nameOnSource>estar</nameOnSource>
<nameOnTarget>contar</nameOnTarget>
<optionalSource>true</optionalSource>
<optionalTarget>false</optionalTarget>
<sourceCardinality>1</sourceCardinality>
<sourceEntity>85585844-B0E7-7E4F-2691-0590F4F6D866</sourceEntity>
<targetCardinalityString>*</targetCardinalityString>
<targetEntity>49557D84-2B95-E005-4C02-1D75DD0ED50C</targetEntity>
<transferable>true</transferable>
<deleteRule>NO ACTION</deleteRule>
</Relation>