<?xml version = '1.0' encoding = 'UTF-8'?>
<Relation class="oracle.dbtools.crest.model.design.logical.Relation" name="PAIS-CIUDAD" directorySegmentName="seg_0" id="F1085DDA-0570-A42B-3D40-687C15FD3717">
<createdBy>Javier Flores</createdBy>
<createdTime>2026-02-02 19:49:52 UTC</createdTime>
<ownerDesignName>ministerio_trabajo</ownerDesignName>
<engineerTo>
<item key="F338ABB7-7682-AF54-03C6-3B8D72216F55" value="true"/>
</engineerTo>
<sourcePk>E0EE5376-1854-4489-EC96-E3723F3253FF</sourcePk>
<identifying>false</identifying>
<nameOnSource>contener</nameOnSource>
<nameOnTarget>pertenecer</nameOnTarget>
<optionalSource>true</optionalSource>
<optionalTarget>false</optionalTarget>
<sourceCardinality>1</sourceCardinality>
<sourceEntity>7F5FEB9D-E4FA-EB7D-C7DB-6D6969B10176</sourceEntity>
<targetCardinalityString>1</targetCardinalityString>
<targetEntity>13175C80-9511-4F39-A97A-91A43F46ECA1</targetEntity>
<transferable>true</transferable>
<deleteRule>NO ACTION</deleteRule>
</Relation>