<?xml version = '1.0' encoding = 'UTF-8'?>
<Relation class="oracle.dbtools.crest.model.design.logical.Relation" name="PROFESIONAL-ESTUDIO" directorySegmentName="seg_0" id="FDF31D2A-7F8D-FEFA-B4C0-0DD575D11959">
<createdBy>Javier Flores</createdBy>
<createdTime>2026-02-02 01:56:21 UTC</createdTime>
<ownerDesignName>ministerio_trabajo</ownerDesignName>
<engineerTo>
<item key="F338ABB7-7682-AF54-03C6-3B8D72216F55" value="true"/>
</engineerTo>
<sourcePk>DC4AA9B9-346C-1E01-3660-FCE96CD0DFDB</sourcePk>
<identifying>false</identifying>
<nameOnSource>aprendida</nameOnSource>
<nameOnTarget>estudiar</nameOnTarget>
<optionalSource>false</optionalSource>
<optionalTarget>false</optionalTarget>
<sourceCardinality>1</sourceCardinality>
<sourceEntity>212D4ECA-FF78-BFDC-C54D-89CEAF8D39D6</sourceEntity>
<targetCardinalityString>*</targetCardinalityString>
<targetEntity>C8362D13-1C41-4359-0F6D-FC3F9AD84B67</targetEntity>
<transferable>true</transferable>
<deleteRule>NO ACTION</deleteRule>
</Relation>