<?xml version = '1.0' encoding = 'UTF-8'?>
<Diagram class="oracle.dbtools.crest.swingui.logical.DPVLogical" name="Logical" id="47CD3C44-21DE-F591-D599-C6D97A7C7990">
<createdBy>flore</createdBy>
<modifiedBy>flore</modifiedBy>
<createdTime>2026-01-23 01:45:49 UTC</createdTime>
<autoRoute>false</autoRoute>
<boxInbox>false</boxInbox>
<showLegend>false</showLegend>
<showLabels>true</showLabels>
<showRelAttributes>true</showRelAttributes>
<gridEnabled>false</gridEnabled>
<showGrid>false</showGrid>
<diagramColor>-1</diagramColor>
<display>false</display>
<notation>1</notation>
<objectViews>
<OView class="oracle.dbtools.crest.swingui.logical.TVEntity" oid="0E278ECF-140A-BCF2-D735-80EA6A9F88A2" otype="Entity" vid="3F8E4011-2417-A1F0-F6DB-D0462CD3ABDB">
<hideElementsInCurrentOnly>false</hideElementsInCurrentOnly>
<bounds x="1258" y="548" width="203" height="89"/>
</OView>
<OView class="oracle.dbtools.crest.swingui.logical.TVEntity" oid="23D4AE3B-530C-2438-9B65-1A6D8D593F31" otype="Entity" vid="752E1A29-C2CC-DD09-41FE-6AAB439166D2">
<hideElementsInCurrentOnly>false</hideElementsInCurrentOnly>
<bounds x="504" y="7" width="176" height="110"/>
</OView>
<OView class="oracle.dbtools.crest.swingui.logical.TVEntity" oid="488A336A-234C-0BE8-3E83-ECE13B99CA65" otype="Entity" vid="D83773E3-8C10-1BF7-73ED-B41C757E4F03">
<hideElementsInCurrentOnly>false</hideElementsInCurrentOnly>
<bounds x="388" y="594" width="204" height="39"/>
</OView>
<OView class="oracle.dbtools.crest.swingui.logical.TVEntity" oid="4C2613CB-6BED-05D6-1A6B-2A8876E03951" otype="Entity" vid="243BC87B-E2D5-97BC-FFC4-56664EA901D2">
<hideElementsInCurrentOnly>false</hideElementsInCurrentOnly>
<bounds x="891" y="17" width="226" height="117"/>
</OView>
<OView class="oracle.dbtools.crest.swingui.logical.TVEntity" oid="4D1E6350-8EFA-19F3-D68E-EE5D33833A85" otype="Entity" vid="1FAD1FFF-8BBE-50A9-416F-E7004624C122">
<hideElementsInCurrentOnly>false</hideElementsInCurrentOnly>
<bounds x="64" y="536" width="179" height="91"/>
</OView>
<OView class="oracle.dbtools.crest.swingui.logical.TVEntity" oid="716347CC-7FF0-E3BB-C1EC-7861198E98D4" otype="Entity" vid="938C1B44-6E8A-66C3-BCD1-F3D2E7C20F00">
<hideElementsInCurrentOnly>false</hideElementsInCurrentOnly>
<bounds x="597" y="201" width="214" height="204"/>
</OView>
<OView class="oracle.dbtools.crest.swingui.logical.TVEntity" oid="9E54E0E7-EE94-436B-6AA6-37CFCEC0BD45" otype="Entity" vid="CB3B5892-2662-99C4-BF71-41CD94691C3D">
<hideElementsInCurrentOnly>false</hideElementsInCurrentOnly>
<bounds x="1187" y="273" width="230" height="105"/>
</OView>
<OView class="oracle.dbtools.crest.swingui.logical.TVEntity" oid="AA1452EF-C2C0-C055-642B-537171A06B09" otype="Entity" vid="7BC31AB2-FB1D-96AD-5FB0-64C154ECDDF2">
<hideElementsInCurrentOnly>false</hideElementsInCurrentOnly>
<bounds x="388" y="531" width="203" height="40"/>
</OView>
<OView class="oracle.dbtools.crest.swingui.logical.TVEntity" oid="DB6F62B5-FB98-D5CE-8BD1-26D52CB511A3" otype="Entity" vid="6544E3C5-4EDB-56B2-2E52-9EF73D4158F7">
<hideElementsInCurrentOnly>false</hideElementsInCurrentOnly>
<bounds x="913" y="558" width="189" height="84"/>
</OView>
<OView class="oracle.dbtools.crest.swingui.logical.TVEntity" oid="DC449177-7684-2777-9FB1-F76A1ED8C032" otype="Entity" vid="03A4BCF6-9C0A-3EED-C029-E0A8A40D0A90">
<hideElementsInCurrentOnly>false</hideElementsInCurrentOnly>
<bounds x="906" y="388" width="193" height="56"/>
</OView>
<OView class="oracle.dbtools.crest.swingui.logical.TVEntity" oid="DE4A9C1A-1D7B-01AC-E271-C282F8BD4119" otype="Entity" vid="07E69174-3A11-AA2D-0896-03D6ED77448B">
<hideElementsInCurrentOnly>false</hideElementsInCurrentOnly>
<bounds x="39" y="253" width="225" height="131"/>
</OView>
<OView class="oracle.dbtools.crest.swingui.logical.TVEntity" oid="E2542D69-5534-EBC2-65F3-08171B2A3D8D" otype="Entity" vid="26B65EDA-261C-3CC1-FE48-C3D87D6D8981">
<hideElementsInCurrentOnly>false</hideElementsInCurrentOnly>
<bounds x="50" y="9" width="210" height="123"/>
</OView>
</objectViews>
<connectors>
<Connector class="oracle.dbtools.crest.swingui.logical.TVRelation" oid="0B6C569F-3197-0D3D-0EB5-FE378D7D99F9" otype="Relation" vid_source="1FAD1FFF-8BBE-50A9-416F-E7004624C122" vid_target="07E69174-3A11-AA2D-0896-03D6ED77448B">
<hideElementsInCurrentOnly>false</hideElementsInCurrentOnly>
<backgroundColor>-16777216</backgroundColor>
<lineWidth>1</lineWidth>
<centerLabel class="oracle.dbtools.crest.model.design.Label">
<site>1</site>
<labelBounds x="17" y="81" width="57" height="26"/>
<noBackgroundColor>true</noBackgroundColor>
<noForegroundColor>true</noForegroundColor>
</centerLabel>
<sourceLabel class="oracle.dbtools.crest.model.design.Label">
<site>0</site>
<labelBounds x="153" y="500" width="45" height="30"/>
<noBackgroundColor>true</noBackgroundColor>
<noForegroundColor>true</noForegroundColor>
</sourceLabel>
<targetLabel class="oracle.dbtools.crest.model.design.Label">
<site>2</site>
<labelBounds x="153" y="420" width="58" height="37"/>
<noBackgroundColor>true</noBackgroundColor>
<noForegroundColor>true</noForegroundColor>
</targetLabel>
<points>
<point x="153" y="536"/>
<point x="153" y="384"/>
</points>
</Connector>
<Connector class="oracle.dbtools.crest.swingui.logical.TVInheritanceRelation" oid="0CA6F687-ABCC-B723-9D7B-E8A28BB17552" otype="Hierarchy relation" vid_source="1FAD1FFF-8BBE-50A9-416F-E7004624C122" vid_target="7BC31AB2-FB1D-96AD-5FB0-64C154ECDDF2">
<hideElementsInCurrentOnly>false</hideElementsInCurrentOnly>
<backgroundColor>-65536</backgroundColor>
<lineWidth>1</lineWidth>
<points>
<point x="243" y="553"/>
<point x="388" y="553"/>
</points>
</Connector>
<Connector class="oracle.dbtools.crest.swingui.logical.TVInheritanceRelation" oid="35CDABF2-6B5D-2BD0-0E24-2E0F697491A5" otype="Hierarchy relation" vid_source="CB3B5892-2662-99C4-BF71-41CD94691C3D" vid_target="03A4BCF6-9C0A-3EED-C029-E0A8A40D0A90">
<hideElementsInCurrentOnly>false</hideElementsInCurrentOnly>
<backgroundColor>-65536</backgroundColor>
<lineWidth>1</lineWidth>
<points>
<point x="1187" y="360"/>
<point x="1095" y="388"/>
</points>
</Connector>
<Connector class="oracle.dbtools.crest.swingui.logical.TVRelation" oid="35E7618F-C879-1736-74E9-12842D2493C3" otype="Relation" vid_source="07E69174-3A11-AA2D-0896-03D6ED77448B" vid_target="26B65EDA-261C-3CC1-FE48-C3D87D6D8981">
<hideElementsInCurrentOnly>false</hideElementsInCurrentOnly>
<backgroundColor>-16777216</backgroundColor>
<lineWidth>1</lineWidth>
<sourceLabel class="oracle.dbtools.crest.model.design.Label">
<site>0</site>
<labelBounds x="155" y="215" width="69" height="24"/>
<noBackgroundColor>true</noBackgroundColor>
<noForegroundColor>true</noForegroundColor>
</sourceLabel>
<targetLabel class="oracle.dbtools.crest.model.design.Label">
<site>2</site>
<labelBounds x="155" y="162" width="70" height="26"/>
<noBackgroundColor>true</noBackgroundColor>
<noForegroundColor>true</noForegroundColor>
</targetLabel>
<points>
<point x="155" y="253"/>
<point x="155" y="132"/>
</points>
</Connector>
<Connector class="oracle.dbtools.crest.swingui.logical.TVRelation" oid="3E987F8F-5CB5-CF6C-6387-00522E7F4BCB" otype="Relation" vid_source="6544E3C5-4EDB-56B2-2E52-9EF73D4158F7" vid_target="3F8E4011-2417-A1F0-F6DB-D0462CD3ABDB">
<hideElementsInCurrentOnly>false</hideElementsInCurrentOnly>
<backgroundColor>-16777216</backgroundColor>
<lineWidth>1</lineWidth>
<sourceLabel class="oracle.dbtools.crest.model.design.Label">
<site>0</site>
<labelBounds x="1112" y="567" width="58" height="30"/>
<noBackgroundColor>true</noBackgroundColor>
<noForegroundColor>true</noForegroundColor>
</sourceLabel>
<targetLabel class="oracle.dbtools.crest.model.design.Label">
<site>2</site>
<labelBounds x="1207" y="600" width="45" height="30"/>
<noBackgroundColor>true</noBackgroundColor>
<noForegroundColor>true</noForegroundColor>
</targetLabel>
<points>
<point x="1102" y="597"/>
<point x="1258" y="597"/>
</points>
</Connector>
<Connector class="oracle.dbtools.crest.swingui.logical.TVRelation" oid="604C1895-8B3A-0A56-574F-FAF9F9A634F7" otype="Relation" vid_source="938C1B44-6E8A-66C3-BCD1-F3D2E7C20F00" vid_target="07E69174-3A11-AA2D-0896-03D6ED77448B">
<hideElementsInCurrentOnly>false</hideElementsInCurrentOnly>
<backgroundColor>-16777216</backgroundColor>
<lineWidth>1</lineWidth>
<sourceLabel class="oracle.dbtools.crest.model.design.Label">
<site>0</site>
<labelBounds x="540" y="288" width="51" height="30"/>
<noBackgroundColor>true</noBackgroundColor>
<noForegroundColor>true</noForegroundColor>
</sourceLabel>
<targetLabel class="oracle.dbtools.crest.model.design.Label">
<site>2</site>
<labelBounds x="274" y="321" width="51" height="30"/>
<noBackgroundColor>true</noBackgroundColor>
<noForegroundColor>true</noForegroundColor>
</targetLabel>
<points>
<point x="597" y="245"/>
<point x="264" y="318"/>
</points>
</Connector>
<Connector class="oracle.dbtools.crest.swingui.logical.TVRelation" oid="6072A9AB-E3C9-F053-01EF-2E55683166EF" otype="Relation" vid_source="CB3B5892-2662-99C4-BF71-41CD94691C3D" vid_target="938C1B44-6E8A-66C3-BCD1-F3D2E7C20F00">
<hideElementsInCurrentOnly>false</hideElementsInCurrentOnly>
<backgroundColor>-16777216</backgroundColor>
<lineWidth>1</lineWidth>
<sourceLabel class="oracle.dbtools.crest.model.design.Label">
<site>0</site>
<labelBounds x="1103" y="295" width="78" height="30"/>
<noBackgroundColor>true</noBackgroundColor>
<noForegroundColor>true</noForegroundColor>
</sourceLabel>
<targetLabel class="oracle.dbtools.crest.model.design.Label">
<site>2</site>
<labelBounds x="821" y="328" width="51" height="30"/>
<noBackgroundColor>true</noBackgroundColor>
<noForegroundColor>true</noForegroundColor>
</targetLabel>
<points>
<point x="1187" y="325"/>
<point x="811" y="260"/>
</points>
</Connector>
<Connector class="oracle.dbtools.crest.swingui.logical.TVRelation" oid="6E5CE3FF-772C-4643-12C8-231305E82B83" otype="Relation" vid_source="243BC87B-E2D5-97BC-FFC4-56664EA901D2" vid_target="938C1B44-6E8A-66C3-BCD1-F3D2E7C20F00">
<hideElementsInCurrentOnly>false</hideElementsInCurrentOnly>
<backgroundColor>-16777216</backgroundColor>
<lineWidth>1</lineWidth>
<sourceLabel class="oracle.dbtools.crest.model.design.Label">
<site>0</site>
<labelBounds x="926" y="170" width="54" height="30"/>
<noBackgroundColor>true</noBackgroundColor>
<noForegroundColor>true</noForegroundColor>
</sourceLabel>
<targetLabel class="oracle.dbtools.crest.model.design.Label">
<site>2</site>
<labelBounds x="821" y="221" width="99" height="49"/>
<noBackgroundColor>true</noBackgroundColor>
<noForegroundColor>true</noForegroundColor>
</targetLabel>
<points>
<point x="926" y="134"/>
<point x="811" y="221"/>
</points>
</Connector>
<Connector class="oracle.dbtools.crest.swingui.logical.TVInheritanceRelation" oid="7355FDB8-945A-EBB7-8F3E-E578F8FD6784" otype="Hierarchy relation" vid_source="CB3B5892-2662-99C4-BF71-41CD94691C3D" vid_target="3F8E4011-2417-A1F0-F6DB-D0462CD3ABDB">
<hideElementsInCurrentOnly>false</hideElementsInCurrentOnly>
<backgroundColor>-65536</backgroundColor>
<lineWidth>1</lineWidth>
<points>
<point x="1337" y="378"/>
<point x="1337" y="548"/>
</points>
</Connector>
<Connector class="oracle.dbtools.crest.swingui.logical.TVRelation" oid="A5AA5574-DC96-31D2-84F9-56CFDBE2BD19" otype="Relation" vid_source="243BC87B-E2D5-97BC-FFC4-56664EA901D2" vid_target="752E1A29-C2CC-DD09-41FE-6AAB439166D2">
<hideElementsInCurrentOnly>false</hideElementsInCurrentOnly>
<backgroundColor>-16777216</backgroundColor>
<lineWidth>1</lineWidth>
<sourceLabel class="oracle.dbtools.crest.model.design.Label">
<site>0</site>
<labelBounds x="846" y="22" width="39" height="30"/>
<noBackgroundColor>true</noBackgroundColor>
<noForegroundColor>true</noForegroundColor>
</sourceLabel>
<targetLabel class="oracle.dbtools.crest.model.design.Label">
<site>2</site>
<labelBounds x="690" y="55" width="58" height="30"/>
<noBackgroundColor>true</noBackgroundColor>
<noForegroundColor>true</noForegroundColor>
</targetLabel>
<points>
<point x="891" y="52"/>
<point x="680" y="52"/>
</points>
</Connector>
<Connector class="oracle.dbtools.crest.swingui.logical.TVRelation" oid="DB8D4160-C7ED-2A55-BF74-A54D09D7701D" otype="Relation" vid_source="752E1A29-C2CC-DD09-41FE-6AAB439166D2" vid_target="26B65EDA-261C-3CC1-FE48-C3D87D6D8981">
<hideElementsInCurrentOnly>false</hideElementsInCurrentOnly>
<backgroundColor>-16777216</backgroundColor>
<lineWidth>1</lineWidth>
<centerLabel class="oracle.dbtools.crest.model.design.Label">
<site>1</site>
<labelBounds x="15" y="0" width="49" height="30"/>
<noBackgroundColor>true</noBackgroundColor>
<noForegroundColor>true</noForegroundColor>
</centerLabel>
<sourceLabel class="oracle.dbtools.crest.model.design.Label">
<site>0</site>
<labelBounds x="432" y="33" width="66" height="30"/>
<noBackgroundColor>true</noBackgroundColor>
<noForegroundColor>true</noForegroundColor>
</sourceLabel>
<targetLabel class="oracle.dbtools.crest.model.design.Label">
<site>2</site>
<labelBounds x="270" y="66" width="60" height="30"/>
<noBackgroundColor>true</noBackgroundColor>
<noForegroundColor>true</noForegroundColor>
</targetLabel>
<points>
<point x="504" y="63"/>
<point x="260" y="63"/>
</points>
</Connector>
<Connector class="oracle.dbtools.crest.swingui.logical.TVInheritanceRelation" oid="E8387242-8BCC-80E3-31B1-577D72DB3028" otype="Hierarchy relation" vid_source="1FAD1FFF-8BBE-50A9-416F-E7004624C122" vid_target="D83773E3-8C10-1BF7-73ED-B41C757E4F03">
<hideElementsInCurrentOnly>false</hideElementsInCurrentOnly>
<backgroundColor>-65536</backgroundColor>
<lineWidth>1</lineWidth>
<points>
<point x="243" y="610"/>
<point x="388" y="610"/>
</points>
</Connector>
<Connector class="oracle.dbtools.crest.swingui.logical.TVRelation" oid="FB95DE17-589B-25CA-8930-BF6AD4768A92" otype="Relation" vid_source="938C1B44-6E8A-66C3-BCD1-F3D2E7C20F00" vid_target="938C1B44-6E8A-66C3-BCD1-F3D2E7C20F00">
<hideElementsInCurrentOnly>false</hideElementsInCurrentOnly>
<backgroundColor>-16777216</backgroundColor>
<lineWidth>1</lineWidth>
<sourceLabel class="oracle.dbtools.crest.model.design.Label">
<site>0</site>
<labelBounds x="547" y="362" width="46" height="30"/>
<noBackgroundColor>true</noBackgroundColor>
<noForegroundColor>true</noForegroundColor>
</sourceLabel>
<targetLabel class="oracle.dbtools.crest.model.design.Label">
<site>2</site>
<labelBounds x="721" y="450" width="60" height="30"/>
<noBackgroundColor>true</noBackgroundColor>
<noForegroundColor>true</noForegroundColor>
</targetLabel>
<points>
<point x="597" y="377"/>
<point x="547" y="377"/>
<point x="547" y="463"/>
<point x="721" y="463"/>
<point x="721" y="405"/>
</points>
</Connector>
<Connector class="oracle.dbtools.crest.swingui.logical.TVRelation" oid="FF57A19F-6F89-D859-A8B5-7C41875882A1" otype="Relation" vid_source="6544E3C5-4EDB-56B2-2E52-9EF73D4158F7" vid_target="03A4BCF6-9C0A-3EED-C029-E0A8A40D0A90">
<hideElementsInCurrentOnly>false</hideElementsInCurrentOnly>
<backgroundColor>-16777216</backgroundColor>
<lineWidth>1</lineWidth>
<sourceLabel class="oracle.dbtools.crest.model.design.Label">
<site>0</site>
<labelBounds x="1006" y="514" width="58" height="30"/>
<noBackgroundColor>true</noBackgroundColor>
<noForegroundColor>true</noForegroundColor>
</sourceLabel>
<targetLabel class="oracle.dbtools.crest.model.design.Label">
<site>2</site>
<labelBounds x="1006" y="488" width="45" height="30"/>
<noBackgroundColor>true</noBackgroundColor>
<noForegroundColor>true</noForegroundColor>
</targetLabel>
<points>
<point x="1006" y="558"/>
<point x="1006" y="444"/>
</points>
</Connector>
</connectors>
<arcs>
<Arc class="oracle.dbtools.crest.swingui.logical.TVArc" oid="23823594-261B-F04A-624B-9A611252BF54" otype="Arc" vid="DC333588-F8A2-2B4E-5E92-74BB5742BCEF">
<hideElementsInCurrentOnly>false</hideElementsInCurrentOnly>
<bounds x="44" y="516" width="219" height="131"/>
</Arc>
<Arc class="oracle.dbtools.crest.swingui.logical.TVArc" oid="840B93A1-6CA8-3347-B24D-C09EB423F1B8" otype="Arc" vid="31F14D19-B164-077F-333A-D8B36EC73AC0">
<hideElementsInCurrentOnly>false</hideElementsInCurrentOnly>
<bounds x="1167" y="253" width="270" height="145"/>
</Arc>
</arcs>
</Diagram>