<?xml version = '1.0' encoding = 'UTF-8'?>
<Relation class="oracle.dbtools.crest.model.design.logical.Relation" name="CLIENTE-BOLETA" directorySegmentName="seg_0" id="0B6C569F-3197-0D3D-0EB5-FE378D7D99F9">
<createdBy>flore</createdBy>
<createdTime>2026-01-23 02:40:43 UTC</createdTime>
<ownerDesignName>HiLogic_Solutions</ownerDesignName>
<engineerTo>
<item key="B0FCBCAB-4665-FE3D-9461-3E801D45EE17" value="true"/>
</engineerTo>
<sourcePk>43D34E8A-3721-746E-1EE5-854A29D6F8F2</sourcePk>
<identifying>false</identifying>
<nameOnSource>recibir</nameOnSource>
<nameOnTarget>pertenecer</nameOnTarget>
<optionalSource>true</optionalSource>
<optionalTarget>false</optionalTarget>
<sourceCardinality>1</sourceCardinality>
<sourceEntity>4D1E6350-8EFA-19F3-D68E-EE5D33833A85</sourceEntity>
<targetCardinalityString>*</targetCardinalityString>
<targetEntity>DE4A9C1A-1D7B-01AC-E271-C282F8BD4119</targetEntity>
<transferable>true</transferable>
<deleteRule>NO ACTION</deleteRule>
<attributes itemClass="oracle.dbtools.crest.model.design.logical.Attribute">
<attribute name="puntos" id="A0C2622B-5AF1-E666-1310-72435A45FAF4">
<createdBy>flore</createdBy>
<createdTime>2026-01-25 20:01:43 UTC</createdTime>
<ownerDesignName>HiLogic_Solutions</ownerDesignName>
<engineerTo>
<item key="B0FCBCAB-4665-FE3D-9461-3E801D45EE17" value="true"/>
</engineerTo>
<useDomainConstraints>false</useDomainConstraints>
<use>1</use>
<logicalDatatype>LOGDT019</logicalDatatype>
<dataTypePrecision>9</dataTypePrecision>
<dataTypeScale>0</dataTypeScale>
<ownDataTypeParameters>,9,0</ownDataTypeParameters>
</attribute>
</attributes>
</Relation>