<?xml version = '1.0' encoding = 'UTF-8'?>
<Relation class="oracle.dbtools.crest.model.design.logical.Relation" name="BOLETA-PRODUCTO" directorySegmentName="seg_0" id="35E7618F-C879-1736-74E9-12842D2493C3">
<createdBy>flore</createdBy>
<createdTime>2026-01-23 02:40:03 UTC</createdTime>
<ownerDesignName>HiLogic_Solutions</ownerDesignName>
<engineerTo>
<item key="B0FCBCAB-4665-FE3D-9461-3E801D45EE17" value="true"/>
</engineerTo>
<sourcePk>FF83995B-B0BF-0EE3-F648-A5A5FF013E66</sourcePk>
<identifying>false</identifying>
<nameOnSource>contener</nameOnSource>
<nameOnTarget>reflejarse</nameOnTarget>
<optionalSource>false</optionalSource>
<optionalTarget>false</optionalTarget>
<sourceCardinality>1</sourceCardinality>
<sourceEntity>DE4A9C1A-1D7B-01AC-E271-C282F8BD4119</sourceEntity>
<targetCardinalityString>*</targetCardinalityString>
<targetEntity>E2542D69-5534-EBC2-65F3-08171B2A3D8D</targetEntity>
<transferable>true</transferable>
<deleteRule>NO ACTION</deleteRule>
</Relation>