<?xml version = '1.0' encoding = 'UTF-8'?>
<Relation class="oracle.dbtools.crest.model.design.logical.Relation" name="Relation_15" directorySegmentName="seg_0" id="3E987F8F-5CB5-CF6C-6387-00522E7F4BCB">
<createdBy>flore</createdBy>
<createdTime>2026-01-25 21:15:05 UTC</createdTime>
<ownerDesignName>HiLogic_Solutions</ownerDesignName>
<engineerTo>
<item key="B0FCBCAB-4665-FE3D-9461-3E801D45EE17" value="true"/>
</engineerTo>
<sourcePk>FB26B8AB-D5CA-72BC-745D-DF66E33A412D</sourcePk>
<identifying>false</identifying>
<nameOnSource>asociado</nameOnSource>
<nameOnTarget>definir</nameOnTarget>
<optionalSource>false</optionalSource>
<optionalTarget>false</optionalTarget>
<sourceCardinality>1</sourceCardinality>
<sourceEntity>DB6F62B5-FB98-D5CE-8BD1-26D52CB511A3</sourceEntity>
<targetCardinalityString>*</targetCardinalityString>
<targetEntity>0E278ECF-140A-BCF2-D735-80EA6A9F88A2</targetEntity>
<transferable>true</transferable>
<deleteRule>NO ACTION</deleteRule>
</Relation>