<?xml version = '1.0' encoding = 'UTF-8'?>
<Relation class="oracle.dbtools.crest.model.design.logical.Relation" name="VENDEDOR-BOLETA" directorySegmentName="seg_0" id="604C1895-8B3A-0A56-574F-FAF9F9A634F7">
<createdBy>flore</createdBy>
<createdTime>2026-01-25 21:01:26 UTC</createdTime>
<ownerDesignName>HiLogic_Solutions</ownerDesignName>
<engineerTo>
<item key="B0FCBCAB-4665-FE3D-9461-3E801D45EE17" value="true"/>
</engineerTo>
<sourcePk>58826BF2-BCA7-9029-F5E8-32A6F8008136</sourcePk>
<identifying>false</identifying>
<nameOnSource>generar</nameOnSource>
<nameOnTarget>emitida</nameOnTarget>
<optionalSource>false</optionalSource>
<optionalTarget>false</optionalTarget>
<sourceCardinality>1</sourceCardinality>
<sourceEntity>716347CC-7FF0-E3BB-C1EC-7861198E98D4</sourceEntity>
<targetCardinalityString>*</targetCardinalityString>
<targetEntity>DE4A9C1A-1D7B-01AC-E271-C282F8BD4119</targetEntity>
<transferable>true</transferable>
<deleteRule>NO ACTION</deleteRule>
</Relation>