<?xml version = '1.0' encoding = 'UTF-8'?>
<Relation class="oracle.dbtools.crest.model.design.logical.Relation" name="CONTRATO-TRABAJADOR" directorySegmentName="seg_0" id="6072A9AB-E3C9-F053-01EF-2E55683166EF">
<createdBy>flore</createdBy>
<createdTime>2026-01-25 20:51:44 UTC</createdTime>
<ownerDesignName>HiLogic_Solutions</ownerDesignName>
<engineerTo>
<item key="B0FCBCAB-4665-FE3D-9461-3E801D45EE17" value="true"/>
</engineerTo>
<sourcePk>CA01FD2D-6D38-C964-DC01-D4F08C21B6C9</sourcePk>
<targetPk>58826BF2-BCA7-9029-F5E8-32A6F8008136</targetPk>
<identifying>false</identifying>
<nameOnSource>comprometer</nameOnSource>
<nameOnTarget>cumplir</nameOnTarget>
<optionalSource>false</optionalSource>
<optionalTarget>false</optionalTarget>
<sourceCardinality>1</sourceCardinality>
<sourceEntity>9E54E0E7-EE94-436B-6AA6-37CFCEC0BD45</sourceEntity>
<targetCardinalityString>1</targetCardinalityString>
<targetEntity>716347CC-7FF0-E3BB-C1EC-7861198E98D4</targetEntity>
<transferable>true</transferable>
<deleteRule>NO ACTION</deleteRule>
</Relation>