<?xml version = '1.0' encoding = 'UTF-8'?>
<Relation class="oracle.dbtools.crest.model.design.logical.Relation" name="SUCURSAL-TRABAJADOR" directorySegmentName="seg_0" id="6E5CE3FF-772C-4643-12C8-231305E82B83">
<createdBy>flore</createdBy>
<createdTime>2026-01-25 22:49:38 UTC</createdTime>
<ownerDesignName>HiLogic_Solutions</ownerDesignName>
<engineerTo>
<item key="B0FCBCAB-4665-FE3D-9461-3E801D45EE17" value="true"/>
</engineerTo>
<targetTransferable>false</targetTransferable>
<sourcePk>31A5D0F6-021F-A5ED-BC04-A28ED18BA2DE</sourcePk>
<identifying>false</identifying>
<nameOnSource>emplear</nameOnSource>
<nameOnTarget>pertenecer</nameOnTarget>
<optionalSource>false</optionalSource>
<optionalTarget>false</optionalTarget>
<sourceCardinality>1</sourceCardinality>
<sourceEntity>4C2613CB-6BED-05D6-1A6B-2A8876E03951</sourceEntity>
<targetCardinalityString>*</targetCardinalityString>
<targetEntity>716347CC-7FF0-E3BB-C1EC-7861198E98D4</targetEntity>
<transferable>true</transferable>
<deleteRule>NO ACTION</deleteRule>
</Relation>