<?xml version = '1.0' encoding = 'UTF-8'?>
<Relation class="oracle.dbtools.crest.model.design.logical.Relation" name="SUCURSAL-BODEGA" directorySegmentName="seg_0" id="A5AA5574-DC96-31D2-84F9-56CFDBE2BD19">
<createdBy>flore</createdBy>
<createdTime>2026-01-25 23:04:58 UTC</createdTime>
<ownerDesignName>HiLogic_Solutions</ownerDesignName>
<engineerTo>
<item key="B0FCBCAB-4665-FE3D-9461-3E801D45EE17" value="true"/>
</engineerTo>
<sourcePk>31A5D0F6-021F-A5ED-BC04-A28ED18BA2DE</sourcePk>
<targetPk>437C2355-EF03-81CA-532D-E42266DEE12F</targetPk>
<identifying>false</identifying>
<nameOnSource>tener</nameOnSource>
<nameOnTarget>asociada</nameOnTarget>
<optionalSource>false</optionalSource>
<optionalTarget>false</optionalTarget>
<sourceCardinality>1</sourceCardinality>
<sourceEntity>4C2613CB-6BED-05D6-1A6B-2A8876E03951</sourceEntity>
<targetCardinalityString>1</targetCardinalityString>
<targetEntity>23D4AE3B-530C-2438-9B65-1A6D8D593F31</targetEntity>
<transferable>true</transferable>
<deleteRule>NO ACTION</deleteRule>
</Relation>