<?xml version = '1.0' encoding = 'UTF-8'?>
<Relation class="oracle.dbtools.crest.model.design.logical.Relation" name="Relation_18" directorySegmentName="seg_0" id="DB8D4160-C7ED-2A55-BF74-A54D09D7701D">
<createdBy>flore</createdBy>
<createdTime>2026-01-25 23:03:25 UTC</createdTime>
<ownerDesignName>HiLogic_Solutions</ownerDesignName>
<engineerTo>
<item key="B0FCBCAB-4665-FE3D-9461-3E801D45EE17" value="true"/>
</engineerTo>
<sourcePk>437C2355-EF03-81CA-532D-E42266DEE12F</sourcePk>
<identifying>false</identifying>
<nameOnSource>almacenar</nameOnSource>
<nameOnTarget>guardado</nameOnTarget>
<optionalSource>true</optionalSource>
<optionalTarget>false</optionalTarget>
<sourceCardinality>*</sourceCardinality>
<sourceEntity>23D4AE3B-530C-2438-9B65-1A6D8D593F31</sourceEntity>
<targetCardinalityString>*</targetCardinalityString>
<targetEntity>E2542D69-5534-EBC2-65F3-08171B2A3D8D</targetEntity>
<transferable>true</transferable>
<deleteRule>NO ACTION</deleteRule>
<attributes itemClass="oracle.dbtools.crest.model.design.logical.Attribute">
<attribute name="stock" id="1D94D6AA-6596-351F-B162-9BBE94F93EDE">
<createdBy>flore</createdBy>
<createdTime>2026-01-25 23:04:10 UTC</createdTime>
<ownerDesignName>HiLogic_Solutions</ownerDesignName>
<engineerTo>
<item key="B0FCBCAB-4665-FE3D-9461-3E801D45EE17" value="true"/>
</engineerTo>
<useDomainConstraints>false</useDomainConstraints>
<use>1</use>
<logicalDatatype>LOGDT019</logicalDatatype>
<ownDataTypeParameters>,,</ownDataTypeParameters>
</attribute>
</attributes>
</Relation>