<?xml version = '1.0' encoding = 'UTF-8'?>
<Relation class="oracle.dbtools.crest.model.design.logical.Relation" name="JEFE-EMPLEADO" directorySegmentName="seg_0" id="FB95DE17-589B-25CA-8930-BF6AD4768A92">
<createdBy>flore</createdBy>
<createdTime>2026-01-25 19:47:33 UTC</createdTime>
<ownerDesignName>HiLogic_Solutions</ownerDesignName>
<engineerTo>
<item key="B0FCBCAB-4665-FE3D-9461-3E801D45EE17" value="true"/>
</engineerTo>
<targetPk>58826BF2-BCA7-9029-F5E8-32A6F8008136</targetPk>
<identifying>false</identifying>
<nameOnSource>es jefe</nameOnSource>
<nameOnTarget>es empleado</nameOnTarget>
<optionalSource>false</optionalSource>
<optionalTarget>true</optionalTarget>
<sourceCardinality>1</sourceCardinality>
<sourceEntity>716347CC-7FF0-E3BB-C1EC-7861198E98D4</sourceEntity>
<targetCardinalityString>*</targetCardinalityString>
<targetEntity>716347CC-7FF0-E3BB-C1EC-7861198E98D4</targetEntity>
<transferable>true</transferable>
<deleteRule>NO ACTION</deleteRule>
</Relation>