<?xml version = '1.0' encoding = 'UTF-8'?>
<Relation class="oracle.dbtools.crest.model.design.logical.Relation" name="Relation_16" directorySegmentName="seg_0" id="FF57A19F-6F89-D859-A8B5-7C41875882A1">
<createdBy>flore</createdBy>
<createdTime>2026-01-25 21:16:50 UTC</createdTime>
<ownerDesignName>HiLogic_Solutions</ownerDesignName>
<engineerTo>
<item key="B0FCBCAB-4665-FE3D-9461-3E801D45EE17" value="true"/>
</engineerTo>
<sourcePk>FB26B8AB-D5CA-72BC-745D-DF66E33A412D</sourcePk>
<identifying>false</identifying>
<nameOnSource>asociado</nameOnSource>
<nameOnTarget>definir</nameOnTarget>
<optionalSource>true</optionalSource>
<optionalTarget>true</optionalTarget>
<sourceCardinality>1</sourceCardinality>
<sourceEntity>DB6F62B5-FB98-D5CE-8BD1-26D52CB511A3</sourceEntity>
<targetCardinalityString>*</targetCardinalityString>
<targetEntity>DC449177-7684-2777-9FB1-F76A1ED8C032</targetEntity>
<transferable>true</transferable>
<deleteRule>NO ACTION</deleteRule>
</Relation>