<?xml version = '1.0' encoding = 'UTF-8'?>
<Diagram class="oracle.dbtools.crest.swingui.logical.DPVLogical" name="Logical" id="08E5139D-6463-E76E-B387-5A5D40A9F4C6">
<createdBy>Javier Flores</createdBy>
<modifiedBy>Javier Flores</modifiedBy>
<createdTime>2026-02-02 00:38:00 UTC</createdTime>
<autoRoute>false</autoRoute>
<boxInbox>false</boxInbox>
<showLegend>false</showLegend>
<showLabels>true</showLabels>
<showRelAttributes>false</showRelAttributes>
<gridEnabled>false</gridEnabled>
<showGrid>false</showGrid>
<diagramColor>-1</diagramColor>
<display>false</display>
<notation>0</notation>
<objectViews>
<OView class="oracle.dbtools.crest.swingui.logical.TVEntity" oid="13175C80-9511-4F39-A97A-91A43F46ECA1" otype="Entity" vid="C5D7E18F-083B-DD80-4BCC-F1E29F15FA90">
<hideElementsInCurrentOnly>false</hideElementsInCurrentOnly>
<bounds x="633" y="18" width="236" height="110"/>
</OView>
<OView class="oracle.dbtools.crest.swingui.logical.TVEntity" oid="212D4ECA-FF78-BFDC-C54D-89CEAF8D39D6" otype="Entity" vid="73A37650-88F1-9969-0F0C-AFBB4D76793A">
<hideElementsInCurrentOnly>false</hideElementsInCurrentOnly>
<bounds x="37" y="482" width="221" height="189"/>
</OView>
<OView class="oracle.dbtools.crest.swingui.logical.TVEntity" oid="2B5B3EB2-B409-098D-C37C-766282F026F3" otype="Entity" vid="AF82BFE4-BF64-8BBE-87FC-D3DA8E8E3018">
<hideElementsInCurrentOnly>false</hideElementsInCurrentOnly>
<bounds x="587" y="745" width="205" height="110"/>
</OView>
<OView class="oracle.dbtools.crest.swingui.logical.TVEntity" oid="49557D84-2B95-E005-4C02-1D75DD0ED50C" otype="Entity" vid="A991084E-AB57-C466-5B52-CE16676364E5">
<hideElementsInCurrentOnly>false</hideElementsInCurrentOnly>
<bounds x="1258" y="522" width="205" height="110"/>
</OView>
<OView class="oracle.dbtools.crest.swingui.logical.TVEntity" oid="5BF4FEC3-3393-52E8-D5F7-2035331A462D" otype="Entity" vid="0D107FDA-A870-4C15-4C7F-2D8D830A3693">
<hideElementsInCurrentOnly>false</hideElementsInCurrentOnly>
<bounds x="322" y="154" width="242" height="110"/>
</OView>
<OView class="oracle.dbtools.crest.swingui.logical.TVEntity" oid="679B8837-3A5F-CBFB-AB31-DAD45A9CD65D" otype="Entity" vid="120525C1-3586-3A1F-EB67-F30579B5707A">
<hideElementsInCurrentOnly>false</hideElementsInCurrentOnly>
<bounds x="1272" y="177" width="170" height="110"/>
</OView>
<OView class="oracle.dbtools.crest.swingui.logical.TVEntity" oid="7F5FEB9D-E4FA-EB7D-C7DB-6D6969B10176" otype="Entity" vid="714E855F-5F2B-A2E8-40A7-BE4DECD0B876">
<hideElementsInCurrentOnly>false</hideElementsInCurrentOnly>
<bounds x="292" y="21" width="219" height="110"/>
</OView>
<OView class="oracle.dbtools.crest.swingui.logical.TVEntity" oid="85585844-B0E7-7E4F-2691-0590F4F6D866" otype="Entity" vid="DE1F0BF1-F39E-1EDE-88D5-96ADD37F2AE0">
<hideElementsInCurrentOnly>false</hideElementsInCurrentOnly>
<bounds x="1273" y="305" width="208" height="110"/>
</OView>
<OView class="oracle.dbtools.crest.swingui.logical.TVEntity" oid="8B3C7C23-E3F1-935B-C608-D9CB151880CE" otype="Entity" vid="458FFEDB-F060-CF26-9ECA-74440B6B7EC3">
<hideElementsInCurrentOnly>false</hideElementsInCurrentOnly>
<bounds x="33" y="18" width="217" height="110"/>
</OView>
<OView class="oracle.dbtools.crest.swingui.logical.TVEntity" oid="9F80DE9B-2496-A0B7-1674-2BAD58015D69" otype="Entity" vid="8EFE0B26-2C8E-71CE-4F3B-03EC19D5E417">
<hideElementsInCurrentOnly>false</hideElementsInCurrentOnly>
<bounds x="853" y="739" width="209" height="110"/>
</OView>
<OView class="oracle.dbtools.crest.swingui.logical.TVEntity" oid="A2B331A0-5BCB-4E11-A71D-06787D4755D3" otype="Entity" vid="DDD5C953-592D-8FA3-9007-263D629E45C2">
<hideElementsInCurrentOnly>false</hideElementsInCurrentOnly>
<bounds x="207" y="754" width="201" height="90"/>
</OView>
<OView class="oracle.dbtools.crest.swingui.logical.TVEntity" oid="A8617179-DD7E-95D1-941D-1C7FFB06BFAC" otype="Entity" vid="8B82F26A-20A8-C76D-AE1C-71F42CC0ED92">
<hideElementsInCurrentOnly>false</hideElementsInCurrentOnly>
<bounds x="969" y="508" width="215" height="110"/>
</OView>
<OView class="oracle.dbtools.crest.swingui.logical.TVEntity" oid="AEA7DC87-B3A1-43B2-D17B-574E62C4C3EF" otype="Entity" vid="29B05499-A8A7-C66E-EBEA-9A482331859B">
<hideElementsInCurrentOnly>false</hideElementsInCurrentOnly>
<bounds x="1268" y="28" width="170" height="110"/>
</OView>
<OView class="oracle.dbtools.crest.swingui.logical.TVEntity" oid="B47C2115-A06C-126A-2620-357409B8D277" otype="Entity" vid="AFF0B802-C544-36E5-912F-659BB6D42F58">
<hideElementsInCurrentOnly>false</hideElementsInCurrentOnly>
<bounds x="347" y="397" width="230" height="110"/>
</OView>
<OView class="oracle.dbtools.crest.swingui.logical.TVEntity" oid="B4CF0112-2D2C-89D4-FE1B-646A893B7130" otype="Entity" vid="15B3F04A-496C-B1BF-1CFD-8EC2FFE9E8AA">
<hideElementsInCurrentOnly>false</hideElementsInCurrentOnly>
<bounds x="974" y="25" width="235" height="118"/>
</OView>
<OView class="oracle.dbtools.crest.swingui.logical.TVEntity" oid="C8362D13-1C41-4359-0F6D-FC3F9AD84B67" otype="Entity" vid="B40B2F4E-9A3B-6765-3F9F-FE9516F6D27B">
<hideElementsInCurrentOnly>false</hideElementsInCurrentOnly>
<bounds x="31" y="245" width="222" height="110"/>
</OView>
<OView class="oracle.dbtools.crest.swingui.logical.TVEntity" oid="D83B410D-FAF4-797B-836F-BDCA554EAF40" otype="Entity" vid="262F3599-C08F-9ED6-D5D6-5F4BE0F82091">
<hideElementsInCurrentOnly>false</hideElementsInCurrentOnly>
<bounds x="27" y="754" width="150" height="90"/>
</OView>
<OView class="oracle.dbtools.crest.swingui.logical.TVEntity" oid="D87DE5DA-F6F0-9B08-48A2-4EDAF5F776EB" otype="Entity" vid="09CCA98A-E69A-532E-BAD2-93CCA170F5B5">
<hideElementsInCurrentOnly>false</hideElementsInCurrentOnly>
<bounds x="985" y="321" width="189" height="110"/>
</OView>
<OView class="oracle.dbtools.crest.swingui.logical.TVEntity" oid="EB17754B-61E1-BA0D-9A2B-E9FF83CB9082" otype="Entity" vid="CBD99DF9-4187-D869-BCF1-26214509B879">
<hideElementsInCurrentOnly>false</hideElementsInCurrentOnly>
<bounds x="1099" y="738" width="225" height="110"/>
</OView>
</objectViews>
<connectors>
<Connector class="oracle.dbtools.crest.swingui.logical.TVInheritanceRelation" oid="0DDBC087-12E3-5718-7730-730942BFEE5A" otype="Hierarchy relation" vid_source="09CCA98A-E69A-532E-BAD2-93CCA170F5B5" vid_target="120525C1-3586-3A1F-EB67-F30579B5707A">
<hideElementsInCurrentOnly>false</hideElementsInCurrentOnly>
<backgroundColor>-65536</backgroundColor>
<lineWidth>1</lineWidth>
<points>
<point x="1174" y="326"/>
<point x="1272" y="276"/>
</points>
</Connector>
<Connector class="oracle.dbtools.crest.swingui.logical.TVRelation" oid="1099CEF1-8CDD-D672-6F40-092B212CA8D6" otype="Relation" vid_source="09CCA98A-E69A-532E-BAD2-93CCA170F5B5" vid_target="15B3F04A-496C-B1BF-1CFD-8EC2FFE9E8AA">
<hideElementsInCurrentOnly>false</hideElementsInCurrentOnly>
<backgroundColor>-16777216</backgroundColor>
<lineWidth>1</lineWidth>
<sourceLabel class="oracle.dbtools.crest.model.design.Label">
<site>0</site>
<labelBounds x="1079" y="285" width="39" height="30"/>
<noBackgroundColor>true</noBackgroundColor>
<noForegroundColor>true</noForegroundColor>
</sourceLabel>
<targetLabel class="oracle.dbtools.crest.model.design.Label">
<site>2</site>
<labelBounds x="1079" y="179" width="58" height="30"/>
<noBackgroundColor>true</noBackgroundColor>
<noForegroundColor>true</noForegroundColor>
</targetLabel>
<points>
<point x="1079" y="321"/>
<point x="1079" y="143"/>
</points>
</Connector>
<Connector class="oracle.dbtools.crest.swingui.logical.TVRelation" oid="25FCD35F-CECE-9EE5-56BB-84DD72E4AF0D" otype="Relation" vid_source="AF82BFE4-BF64-8BBE-87FC-D3DA8E8E3018" vid_target="DDD5C953-592D-8FA3-9007-263D629E45C2">
<hideElementsInCurrentOnly>false</hideElementsInCurrentOnly>
<backgroundColor>-16777216</backgroundColor>
<lineWidth>1</lineWidth>
<sourceLabel class="oracle.dbtools.crest.model.design.Label">
<site>0</site>
<labelBounds x="533" y="769" width="48" height="30"/>
<noBackgroundColor>true</noBackgroundColor>
<noForegroundColor>true</noForegroundColor>
</sourceLabel>
<targetLabel class="oracle.dbtools.crest.model.design.Label">
<site>2</site>
<labelBounds x="418" y="802" width="63" height="30"/>
<noBackgroundColor>true</noBackgroundColor>
<noForegroundColor>true</noForegroundColor>
</targetLabel>
<points>
<point x="587" y="799"/>
<point x="408" y="799"/>
</points>
</Connector>
<Connector class="oracle.dbtools.crest.swingui.logical.TVRelation" oid="289EA9C8-27BF-27C3-F05A-6DD02F141A4B" otype="Relation" vid_source="73A37650-88F1-9969-0F0C-AFBB4D76793A" vid_target="8B82F26A-20A8-C76D-AE1C-71F42CC0ED92">
<hideElementsInCurrentOnly>false</hideElementsInCurrentOnly>
<backgroundColor>-16777216</backgroundColor>
<lineWidth>1</lineWidth>
<sourceLabel class="oracle.dbtools.crest.model.design.Label">
<site>0</site>
<labelBounds x="268" y="533" width="52" height="30"/>
<noBackgroundColor>true</noBackgroundColor>
<noForegroundColor>true</noForegroundColor>
</sourceLabel>
<targetLabel class="oracle.dbtools.crest.model.design.Label">
<site>2</site>
<labelBounds x="897" y="566" width="66" height="30"/>
<noBackgroundColor>true</noBackgroundColor>
<noForegroundColor>true</noForegroundColor>
</targetLabel>
<points>
<point x="258" y="563"/>
<point x="969" y="563"/>
</points>
</Connector>
<Connector class="oracle.dbtools.crest.swingui.logical.TVInheritanceRelation" oid="28B0372F-D906-829F-EB8A-9CAB647F9D22" otype="Hierarchy relation" vid_source="8B82F26A-20A8-C76D-AE1C-71F42CC0ED92" vid_target="CBD99DF9-4187-D869-BCF1-26214509B879">
<hideElementsInCurrentOnly>false</hideElementsInCurrentOnly>
<backgroundColor>-65536</backgroundColor>
<lineWidth>1</lineWidth>
<points>
<point x="1141" y="618"/>
<point x="1141" y="738"/>
</points>
</Connector>
<Connector class="oracle.dbtools.crest.swingui.logical.TVInheritanceRelation" oid="30F873DA-2E00-BCFC-1ECB-BE6485D068BD" otype="Hierarchy relation" vid_source="8B82F26A-20A8-C76D-AE1C-71F42CC0ED92" vid_target="8EFE0B26-2C8E-71CE-4F3B-03EC19D5E417">
<hideElementsInCurrentOnly>false</hideElementsInCurrentOnly>
<backgroundColor>-65536</backgroundColor>
<lineWidth>1</lineWidth>
<points>
<point x="1015" y="618"/>
<point x="1015" y="739"/>
</points>
</Connector>
<Connector class="oracle.dbtools.crest.swingui.logical.TVInheritanceRelation" oid="34778B18-04F5-B96C-9D5B-23C1A20B7E6F" otype="Hierarchy relation" vid_source="73A37650-88F1-9969-0F0C-AFBB4D76793A" vid_target="262F3599-C08F-9ED6-D5D6-5F4BE0F82091">
<hideElementsInCurrentOnly>false</hideElementsInCurrentOnly>
<backgroundColor>-65536</backgroundColor>
<lineWidth>1</lineWidth>
<points>
<point x="107" y="671"/>
<point x="107" y="754"/>
</points>
</Connector>
<Connector class="oracle.dbtools.crest.swingui.logical.TVInheritanceRelation" oid="373F2970-7937-72FD-C0A1-DFDEEC141F75" otype="Hierarchy relation" vid_source="09CCA98A-E69A-532E-BAD2-93CCA170F5B5" vid_target="29B05499-A8A7-C66E-EBEA-9A482331859B">
<hideElementsInCurrentOnly>false</hideElementsInCurrentOnly>
<backgroundColor>-65536</backgroundColor>
<lineWidth>1</lineWidth>
<points>
<point x="1130" y="321"/>
<point x="1301" y="138"/>
</points>
</Connector>
<Connector class="oracle.dbtools.crest.swingui.logical.TVRelation" oid="457EF62A-B581-7769-BE82-CF71801340B6" otype="Relation" vid_source="C5D7E18F-083B-DD80-4BCC-F1E29F15FA90" vid_target="15B3F04A-496C-B1BF-1CFD-8EC2FFE9E8AA">
<hideElementsInCurrentOnly>false</hideElementsInCurrentOnly>
<backgroundColor>-16777216</backgroundColor>
<lineWidth>1</lineWidth>
<sourceLabel class="oracle.dbtools.crest.model.design.Label">
<site>0</site>
<labelBounds x="879" y="77" width="57" height="30"/>
<noBackgroundColor>true</noBackgroundColor>
<noForegroundColor>true</noForegroundColor>
</sourceLabel>
<targetLabel class="oracle.dbtools.crest.model.design.Label">
<site>2</site>
<labelBounds x="902" y="76" width="66" height="30"/>
<noBackgroundColor>true</noBackgroundColor>
<noForegroundColor>true</noForegroundColor>
</targetLabel>
<points>
<point x="869" y="77"/>
<point x="974" y="76"/>
</points>
</Connector>
<Connector class="oracle.dbtools.crest.swingui.logical.TVRelation" oid="485B34C8-F965-7CA9-B3FC-03AA8722B3F3" otype="Relation" vid_source="458FFEDB-F060-CF26-9ECA-74440B6B7EC3" vid_target="B40B2F4E-9A3B-6765-3F9F-FE9516F6D27B">
<hideElementsInCurrentOnly>false</hideElementsInCurrentOnly>
<backgroundColor>-16777216</backgroundColor>
<lineWidth>1</lineWidth>
<sourceLabel class="oracle.dbtools.crest.model.design.Label">
<site>0</site>
<labelBounds x="141" y="164" width="63" height="30"/>
<noBackgroundColor>true</noBackgroundColor>
<noForegroundColor>true</noForegroundColor>
</sourceLabel>
<targetLabel class="oracle.dbtools.crest.model.design.Label">
<site>2</site>
<labelBounds x="141" y="209" width="63" height="30"/>
<noBackgroundColor>true</noBackgroundColor>
<noForegroundColor>true</noForegroundColor>
</targetLabel>
<points>
<point x="141" y="128"/>
<point x="141" y="245"/>
</points>
</Connector>
<Connector class="oracle.dbtools.crest.swingui.logical.TVInheritanceRelation" oid="75729525-1435-1E31-AB4F-2FD4E2CE8C77" otype="Hierarchy relation" vid_source="73A37650-88F1-9969-0F0C-AFBB4D76793A" vid_target="DDD5C953-592D-8FA3-9007-263D629E45C2">
<hideElementsInCurrentOnly>false</hideElementsInCurrentOnly>
<backgroundColor>-65536</backgroundColor>
<lineWidth>1</lineWidth>
<points>
<point x="232" y="671"/>
<point x="232" y="754"/>
</points>
</Connector>
<Connector class="oracle.dbtools.crest.swingui.logical.TVRelation" oid="76F16871-5C85-1661-0334-A7A4C374735F" otype="Relation" vid_source="09CCA98A-E69A-532E-BAD2-93CCA170F5B5" vid_target="0D107FDA-A870-4C15-4C7F-2D8D830A3693">
<hideElementsInCurrentOnly>false</hideElementsInCurrentOnly>
<backgroundColor>-16777216</backgroundColor>
<lineWidth>1</lineWidth>
<sourceLabel class="oracle.dbtools.crest.model.design.Label">
<site>0</site>
<labelBounds x="907" y="299" width="72" height="16"/>
<noBackgroundColor>true</noBackgroundColor>
<noForegroundColor>true</noForegroundColor>
<sourceBelowTheLine>true</sourceBelowTheLine>
</sourceLabel>
<targetLabel class="oracle.dbtools.crest.model.design.Label">
<site>2</site>
<labelBounds x="574" y="210" width="68" height="38"/>
<noBackgroundColor>true</noBackgroundColor>
<noForegroundColor>true</noForegroundColor>
</targetLabel>
<points>
<point x="985" y="321"/>
<point x="808" y="207"/>
<point x="564" y="207"/>
</points>
</Connector>
<Connector class="oracle.dbtools.crest.swingui.logical.TVRelation" oid="8EC2CADE-F7DA-BAF7-4E3D-CFD3FAC3E455" otype="Relation" vid_source="CBD99DF9-4187-D869-BCF1-26214509B879" vid_target="A991084E-AB57-C466-5B52-CE16676364E5">
<hideElementsInCurrentOnly>false</hideElementsInCurrentOnly>
<backgroundColor>-16777216</backgroundColor>
<lineWidth>1</lineWidth>
<sourceLabel class="oracle.dbtools.crest.model.design.Label">
<site>0</site>
<labelBounds x="1334" y="746" width="49" height="31"/>
<noBackgroundColor>true</noBackgroundColor>
<noForegroundColor>true</noForegroundColor>
</sourceLabel>
<targetLabel class="oracle.dbtools.crest.model.design.Label">
<site>2</site>
<labelBounds x="1375" y="669" width="42" height="32"/>
<noBackgroundColor>true</noBackgroundColor>
<noForegroundColor>true</noForegroundColor>
</targetLabel>
<points>
<point x="1324" y="777"/>
<point x="1375" y="777"/>
<point x="1375" y="632"/>
</points>
</Connector>
<Connector class="oracle.dbtools.crest.swingui.logical.TVRelation" oid="B689668E-C07A-F1EE-EF19-E41BB1A0490C" otype="Relation" vid_source="0D107FDA-A870-4C15-4C7F-2D8D830A3693" vid_target="AFF0B802-C544-36E5-912F-659BB6D42F58">
<hideElementsInCurrentOnly>false</hideElementsInCurrentOnly>
<backgroundColor>-16777216</backgroundColor>
<lineWidth>1</lineWidth>
<sourceLabel class="oracle.dbtools.crest.model.design.Label">
<site>0</site>
<labelBounds x="455" y="308" width="45" height="30"/>
<noBackgroundColor>true</noBackgroundColor>
<noForegroundColor>true</noForegroundColor>
</sourceLabel>
<targetLabel class="oracle.dbtools.crest.model.design.Label">
<site>2</site>
<labelBounds x="455" y="361" width="39" height="30"/>
<noBackgroundColor>true</noBackgroundColor>
<noForegroundColor>true</noForegroundColor>
</targetLabel>
<points>
<point x="455" y="264"/>
<point x="455" y="397"/>
</points>
</Connector>
<Connector class="oracle.dbtools.crest.swingui.logical.TVRelation" oid="CC2DF205-23F6-DE2E-2775-1A4AFEF166E7" otype="Relation" vid_source="8B82F26A-20A8-C76D-AE1C-71F42CC0ED92" vid_target="AFF0B802-C544-36E5-912F-659BB6D42F58">
<hideElementsInCurrentOnly>false</hideElementsInCurrentOnly>
<backgroundColor>-16777216</backgroundColor>
<lineWidth>1</lineWidth>
<sourceLabel class="oracle.dbtools.crest.model.design.Label">
<site>0</site>
<labelBounds x="922" y="472" width="41" height="30"/>
<noBackgroundColor>true</noBackgroundColor>
<noForegroundColor>true</noForegroundColor>
</sourceLabel>
<targetLabel class="oracle.dbtools.crest.model.design.Label">
<site>2</site>
<labelBounds x="587" y="445" width="41" height="25"/>
<noBackgroundColor>true</noBackgroundColor>
<noForegroundColor>true</noForegroundColor>
</targetLabel>
<points>
<point x="969" y="508"/>
<point x="821" y="442"/>
<point x="577" y="442"/>
</points>
</Connector>
<Connector class="oracle.dbtools.crest.swingui.logical.TVRelation" oid="D1D1139F-D601-2F17-3014-0120C9EBCC38" otype="Relation" vid_source="DE1F0BF1-F39E-1EDE-88D5-96ADD37F2AE0" vid_target="A991084E-AB57-C466-5B52-CE16676364E5">
<hideElementsInCurrentOnly>false</hideElementsInCurrentOnly>
<backgroundColor>-16777216</backgroundColor>
<lineWidth>1</lineWidth>
<sourceLabel class="oracle.dbtools.crest.model.design.Label">
<site>0</site>
<labelBounds x="1358" y="451" width="37" height="30"/>
<noBackgroundColor>true</noBackgroundColor>
<noForegroundColor>true</noForegroundColor>
</sourceLabel>
<targetLabel class="oracle.dbtools.crest.model.design.Label">
<site>2</site>
<labelBounds x="1363" y="483" width="48" height="33"/>
<noBackgroundColor>true</noBackgroundColor>
<noForegroundColor>true</noForegroundColor>
</targetLabel>
<points>
<point x="1358" y="415"/>
<point x="1363" y="522"/>
</points>
</Connector>
<Connector class="oracle.dbtools.crest.swingui.logical.TVRelation" oid="F1085DDA-0570-A42B-3D40-687C15FD3717" otype="Relation" vid_source="714E855F-5F2B-A2E8-40A7-BE4DECD0B876" vid_target="C5D7E18F-083B-DD80-4BCC-F1E29F15FA90">
<hideElementsInCurrentOnly>false</hideElementsInCurrentOnly>
<backgroundColor>-16777216</backgroundColor>
<lineWidth>1</lineWidth>
<sourceLabel class="oracle.dbtools.crest.model.design.Label">
<site>0</site>
<labelBounds x="521" y="44" width="57" height="30"/>
<noBackgroundColor>true</noBackgroundColor>
<noForegroundColor>true</noForegroundColor>
</sourceLabel>
<targetLabel class="oracle.dbtools.crest.model.design.Label">
<site>2</site>
<labelBounds x="561" y="77" width="66" height="30"/>
<noBackgroundColor>true</noBackgroundColor>
<noForegroundColor>true</noForegroundColor>
</targetLabel>
<points>
<point x="511" y="74"/>
<point x="633" y="74"/>
</points>
</Connector>
<Connector class="oracle.dbtools.crest.swingui.logical.TVRelation" oid="FDF31D2A-7F8D-FEFA-B4C0-0DD575D11959" otype="Relation" vid_source="73A37650-88F1-9969-0F0C-AFBB4D76793A" vid_target="B40B2F4E-9A3B-6765-3F9F-FE9516F6D27B">
<hideElementsInCurrentOnly>false</hideElementsInCurrentOnly>
<backgroundColor>-16777216</backgroundColor>
<lineWidth>1</lineWidth>
<sourceLabel class="oracle.dbtools.crest.model.design.Label">
<site>0</site>
<labelBounds x="145" y="438" width="63" height="30"/>
<noBackgroundColor>true</noBackgroundColor>
<noForegroundColor>true</noForegroundColor>
</sourceLabel>
<targetLabel class="oracle.dbtools.crest.model.design.Label">
<site>2</site>
<labelBounds x="145" y="399" width="52" height="30"/>
<noBackgroundColor>true</noBackgroundColor>
<noForegroundColor>true</noForegroundColor>
</targetLabel>
<points>
<point x="145" y="482"/>
<point x="145" y="355"/>
</points>
</Connector>
</connectors>
</Diagram>