<?xml version = '1.0' encoding = 'UTF-8'?>
<Relation class="oracle.dbtools.crest.model.design.logical.InheritanceRelation" name="Hierarchy_3" directorySegmentName="seg_0" id="0CA6F687-ABCC-B723-9D7B-E8A28BB17552">
<createdBy>flore</createdBy>
<createdTime>2026-01-23 01:57:37 UTC</createdTime>
<ownerDesignName>HiLogic_Solutions</ownerDesignName>
<engineerTo>
<item key="B0FCBCAB-4665-FE3D-9461-3E801D45EE17" value="true"/>
</engineerTo>
<arc>23823594-261B-F04A-624B-9A611252BF54</arc>
<identifying>false</identifying>
<nameOnSource>Super Type</nameOnSource>
<nameOnTarget>Sub Type</nameOnTarget>
<optionalSource>true</optionalSource>
<optionalTarget>true</optionalTarget>
<sourceEntity>4D1E6350-8EFA-19F3-D68E-EE5D33833A85</sourceEntity>
<targetEntity>AA1452EF-C2C0-C055-642B-537171A06B09</targetEntity>
<transferable>true</transferable>
<deleteRule>NO ACTION</deleteRule>
</Relation>