<?xml version = '1.0' encoding = 'UTF-8'?>
<Relation class="oracle.dbtools.crest.model.design.logical.InheritanceRelation" name="Hierarchy_11" directorySegmentName="seg_0" id="35CDABF2-6B5D-2BD0-0E24-2E0F697491A5">
<createdBy>flore</createdBy>
<createdTime>2026-01-23 02:17:10 UTC</createdTime>
<ownerDesignName>HiLogic_Solutions</ownerDesignName>
<engineerTo>
<item key="B0FCBCAB-4665-FE3D-9461-3E801D45EE17" value="true"/>
</engineerTo>
<arc>840B93A1-6CA8-3347-B24D-C09EB423F1B8</arc>
<identifying>false</identifying>
<nameOnSource>Super Type</nameOnSource>
<nameOnTarget>Sub Type</nameOnTarget>
<optionalSource>true</optionalSource>
<optionalTarget>true</optionalTarget>
<sourceEntity>9E54E0E7-EE94-436B-6AA6-37CFCEC0BD45</sourceEntity>
<targetEntity>DC449177-7684-2777-9FB1-F76A1ED8C032</targetEntity>
<transferable>true</transferable>
<deleteRule>NO ACTION</deleteRule>
</Relation>