<?xml version = '1.0' encoding = 'UTF-8'?>
<Relation class="oracle.dbtools.crest.model.design.logical.InheritanceRelation" name="Hierarchy_10" directorySegmentName="seg_0" id="7355FDB8-945A-EBB7-8F3E-E578F8FD6784">
<createdBy>flore</createdBy>
<createdTime>2026-01-23 02:16:38 UTC</createdTime>
<ownerDesignName>HiLogic_Solutions</ownerDesignName>
<engineerTo>
<item key="B0FCBCAB-4665-FE3D-9461-3E801D45EE17" value="true"/>
</engineerTo>
<arc>840B93A1-6CA8-3347-B24D-C09EB423F1B8</arc>
<identifying>false</identifying>
<nameOnSource>Super Type</nameOnSource>
<nameOnTarget>Sub Type</nameOnTarget>
<optionalSource>true</optionalSource>
<optionalTarget>true</optionalTarget>
<sourceEntity>9E54E0E7-EE94-436B-6AA6-37CFCEC0BD45</sourceEntity>
<targetEntity>0E278ECF-140A-BCF2-D735-80EA6A9F88A2</targetEntity>
<transferable>true</transferable>
<deleteRule>NO ACTION</deleteRule>
</Relation>